index,merchantid,listedproducts,totalunitssold,meanunitssoldperproduct,rating,merchantratingscount,meanproductprices,meanretailprices,averagediscount,meandiscount,meanproductratingscount,totalurgencycount,urgencytextrate
0,5357bcf2bb72c5504882e889,2,120000,60000.0,4.219,320031.0,9.0,20.0,54.0,54.0,8836.0,1.0,50.0
1,5708773c3c02161b3f8c7900,5,107100,21420.0,3.934,139223.0,7.76,34.2,61.0,61.0,4010.0,3.0,60.0
2,5417aada4ad3ab27e954b76c,2,100007,50004.0,4.053,108048.0,8.0,8.0,-1.0,-1.0,5531.0,,
3,570f3a713a698c14278bb51e,1,100000,100000.0,3.889,19248.0,5.67,19.0,71.0,71.0,18393.0,1.0,100.0
4,53082ea15aefb07dfe1f2a4f,1,100000,100000.0,4.036,366898.0,5.0,33.0,85.0,85.0,13789.0,,
5,53f2beb39020ee03566d6e18,1,100000,100000.0,4.067,330405.0,5.77,48.0,88.0,88.0,20744.0,,
6,5926c5ace8ff5525241b368d,7,96000,13714.0,4.139,55499.0,6.69,6.29,-4.0,-3.86,2250.0,1.0,14.0
7,5860c757b1e41d4d67d183e8,4,90100,22525.0,4.049,151249.0,3.43,3.75,11.0,11.0,6290.0,2.0,50.0
8,52bd3ddb34067e4620a4c62d,3,80000,26667.0,4.104,839882.0,7.22,14.67,33.0,33.33,6136.0,1.0,33.0
9,5a7b23a69bda4e3d375e7b3f,5,80000,16000.0,3.966,12974.0,8.4,7.8,-7.0,-6.8,2093.0,1.0,20.0
10,53a2a09ad91139519161a267,3,75000,25000.0,4.256,165915.0,13.33,100.33,86.0,86.0,4007.0,1.0,33.0
11,539937d634067e06707b1a8e,4,71100,17775.0,3.968,51369.0,11.5,86.25,87.0,87.25,6491.0,2.0,50.0
12,58ad449708de0c6dc59d9e06,6,63100,10517.0,4.147,126370.0,3.61,3.33,-4.0,-4.17,3292.0,1.0,17.0
13,56e43d9e3a698c3826a5feff,3,61000,20333.0,4.179,17816.0,8.67,8.0,-8.0,-8.0,5086.0,1.0,33.0
14,53aa664438d3046ee44a5024,4,60100,15025.0,4.128,151914.0,12.5,83.0,86.0,85.5,2517.0,,
15,53facca81c105e3d5866e212,3,60000,20000.0,4.157,402743.0,9.0,114.0,58.0,57.67,3986.0,1.0,33.0
16,5384613a796f680f9d78a127,3,60000,20000.0,4.387,18910.0,16.33,14.33,-14.0,-13.67,3708.0,,
17,558c2cdc89d53c4005ea2920,15,58500,3900.0,3.885,32168.0,4.18,4.13,1.0,1.2,749.0,6.0,40.0
18,55c8a4c33a698c6010edcd9e,6,55200,9200.0,4.121,55670.0,5.39,5.17,-3.0,-2.67,1141.0,2.0,33.0
19,58106cfce516491e6e5f1e53,2,55000,27500.0,4.156,15538.0,5.5,5.0,-8.0,-8.0,5481.0,1.0,50.0
20,5acaf29d5ebcfd72403106a8,12,54300,4525.0,4.045,12309.0,5.56,5.17,-4.0,-4.33,512.0,4.0,33.0
21,54af9c1428565a151043b6bf,3,50000,16667.0,4.038,70773.0,8.0,7.33,-9.0,-9.33,5719.0,1.0,33.0
22,557ed5b886d66519ff242099,4,50000,12500.0,4.154,59903.0,7.12,6.5,-9.0,-9.25,2034.0,1.0,25.0
23,57568f454054c95cbd8d1619,1,50000,50000.0,3.84,78307.0,8.0,54.0,86.0,86.0,14568.0,,
24,5652f4053a698c76dc9a3f37,1,50000,50000.0,4.077,10194.0,7.0,6.0,-16.0,-16.0,6742.0,,
25,5542fcb264b4f014ce88ecae,1,50000,50000.0,4.095,13665.0,4.0,6.0,34.0,34.0,10927.0,,
26,58ad356108de0c6dc39d979d,1,50000,50000.0,4.095,11481.0,5.0,5.0,0.0,0.0,7088.0,,
27,544867549719cd33de1048d5,1,50000,50000.0,4.096,96276.0,5.7,58.0,91.0,91.0,8164.0,,
28,54bcaabb39b8c00b482a115f,1,50000,50000.0,4.105,59198.0,9.0,81.0,89.0,89.0,5359.0,,
29,58c0fff96ecaa3523d59a24d,1,50000,50000.0,4.165,229199.0,2.0,2.0,0.0,0.0,7575.0,,
30,572d45c708fad86678ca1938,1,50000,50000.0,4.216,203805.0,4.66,11.0,58.0,58.0,10122.0,,
31,570b67d4a9dc12590be93b79,1,50000,50000.0,4.228,38264.0,6.0,6.0,0.0,0.0,12880.0,,
32,57e5db02e7f40f131adeeaf8,1,50000,50000.0,4.302,37076.0,9.0,8.0,-12.0,-12.0,13198.0,,
33,5639cd9bddb94f103070ef9f,6,46000,7667.0,3.968,36361.0,8.5,41.83,67.0,67.17,1526.0,1.0,17.0
34,5533c83986ff95173dc017d0,8,43100,5388.0,4.081,88193.0,8.25,7.63,-8.0,-7.62,654.0,2.0,25.0
35,58fdedf645f9b210f58c00cc,4,41100,10275.0,4.08,18877.0,7.47,20.25,17.0,16.75,2210.0,1.0,25.0
36,578866243a698c1713f2d19c,3,41000,13667.0,4.284,43676.0,5.33,5.0,-5.0,-4.67,5013.0,,
37,55c8029641d799421d41fe3a,4,41000,10250.0,3.802,54504.0,7.0,8.75,17.0,17.25,1351.0,,
38,5c51b9b468178729c4213657,4,40000,10000.0,4.109,16013.0,6.68,6.25,-3.0,-3.5,1177.0,,
39,576bbb443a698c085103c010,2,40000,20000.0,4.105,73701.0,9.5,34.0,73.0,73.0,7364.0,,
40,53db691bd911395c8b2f92be,2,40000,20000.0,4.137,17760.0,11.0,14.0,22.0,22.0,8029.0,1.0,50.0
41,5760bd976238335e38551943,2,40000,20000.0,4.168,19221.0,8.0,7.0,-14.0,-14.0,8904.0,1.0,50.0
42,564d8a9ac0f55a1276cd96f8,8,36100,4513.0,4.106,42919.0,6.55,23.75,46.0,46.13,644.0,5.0,63.0
43,566012f6769a5629aefca555,5,32000,6400.0,4.066,39381.0,10.8,23.8,7.0,7.0,1287.0,1.0,20.0
44,57b03628c676b3573ba2a081,6,31206,5201.0,4.05,65189.0,7.67,16.83,39.0,39.17,815.0,3.0,50.0
45,559d33adc605853731afbf10,4,31000,7750.0,4.0,13946.0,9.5,8.5,-12.0,-12.0,1495.0,1.0,25.0
46,58330d7def56284f7634e5e5,3,30000,10000.0,3.936,5816.0,11.0,10.0,-10.0,-10.0,1479.0,2.0,67.0
47,56dce88d21396a16a47eff39,3,30000,10000.0,4.188,80713.0,8.0,84.0,91.0,91.0,2971.0,1.0,33.0
48,5705e40cfda6252c1a9db062,3,30000,10000.0,4.31,78616.0,12.67,11.33,-11.0,-11.33,2641.0,2.0,67.0
49,5c74e493a0e25750b550e2a1,4,30000,7500.0,4.09,14095.0,6.0,5.75,-2.0,-2.5,990.0,2.0,50.0
50,594756ab53ebe27caad41157,2,30000,15000.0,3.903,25356.0,8.5,22.0,55.0,55.0,2348.0,,
51,576cfeed007b536be4a9ae96,2,30000,15000.0,3.999,45964.0,5.41,5.5,2.0,2.0,2493.0,,
52,583138b06339b410ab9663ec,9,28100,3122.0,4.007,80093.0,9.58,17.78,18.0,17.67,390.0,3.0,33.0
53,5c7893301bcc452c015b5de4,4,27000,6750.0,3.925,12441.0,10.0,9.0,-11.0,-11.0,984.0,1.0,25.0
54,5763e55cc6053f5e70522ad7,5,26100,5220.0,3.929,24564.0,7.76,21.8,17.0,16.8,1099.0,2.0,40.0
55,5aa1f31308a2240a052e9a1a,4,26000,6500.0,3.872,8821.0,10.0,8.75,-14.0,-14.0,1537.0,1.0,25.0
56,5cb636dda7173671aedef051,4,26000,6500.0,4.265,96838.0,6.34,5.5,-15.0,-15.0,959.0,2.0,50.0
57,5b160017daac45594728d9ba,6,25200,4200.0,3.909,10474.0,7.83,7.17,-8.0,-8.33,713.0,4.0,67.0
58,58d109c5e3830f6bcb47e35d,4,25100,6275.0,3.939,35262.0,7.0,21.75,42.0,41.5,948.0,1.0,25.0
59,5660e53e769a564b3e3aeca0,2,25000,12500.0,3.999,20681.0,9.0,8.5,-6.0,-6.0,2809.0,1.0,50.0
60,5800a8bb50d8ab5aaee15f20,2,25000,12500.0,4.095,11854.0,6.87,6.0,-14.0,-14.0,2130.0,,
61,55cc4e1d845591103477a561,4,22100,5525.0,3.872,22711.0,12.75,40.5,69.0,68.5,382.0,1.0,25.0
62,55ed5a3362e273427107759e,4,22100,5525.0,3.981,12913.0,11.25,29.25,25.0,25.25,972.0,1.0,25.0
63,5bd29797d32ed5241007af46,3,22000,7333.0,3.881,3771.0,8.0,7.0,-14.0,-14.0,766.0,1.0,33.0
64,5ba2251b4315d12ebce873fa,5,22000,4400.0,4.0,5534.0,8.36,25.2,68.0,67.6,930.0,2.0,40.0
65,56458aa03a698c35c9050988,6,21400,3567.0,3.9,17752.0,5.68,10.33,38.0,37.83,1057.0,3.0,50.0
66,58131ddf6f55296033923a7c,4,21100,5275.0,4.201,90105.0,13.25,93.0,86.0,86.25,1060.0,2.0,50.0
67,55769de4fa0be7249554bce2,2,21000,10500.0,3.998,40245.0,8.5,7.5,-13.0,-13.0,4913.0,1.0,50.0
68,58b011e82e27bf506cee1ace,2,21000,10500.0,4.023,5281.0,9.5,8.5,-12.0,-12.0,1127.0,2.0,100.0
69,53e03f56ff4d6d36d2285ab0,2,21000,10500.0,4.069,25093.0,8.0,91.0,92.0,92.0,5277.0,1.0,50.0
70,59c8a909ae228e37ae159559,2,21000,10500.0,4.085,15076.0,9.0,13.0,31.0,31.0,670.0,1.0,50.0
71,556fc80f95528719e004fe8b,2,21000,10500.0,4.099,40616.0,8.5,7.5,-13.0,-13.0,3514.0,1.0,50.0
72,563c5b3d05398a37780be2e2,2,21000,10500.0,4.19,8191.0,11.5,106.0,90.0,90.0,1711.0,1.0,50.0
73,577fb2b368116418674befd9,5,20300,4060.0,4.138,66644.0,5.61,5.2,-3.0,-3.2,747.0,2.0,40.0
74,5ab3b592c3911a095ad5dadb,3,20200,6733.0,4.002,14482.0,6.15,5.67,1.0,0.67,744.0,1.0,33.0
75,56455b13b15aab129db58cb7,3,20200,6733.0,4.155,16803.0,10.33,9.0,-15.0,-14.67,1056.0,,
76,5406c9c77f086e1be430d73e,5,20200,4040.0,4.204,246312.0,9.2,9.0,-3.0,-2.8,847.0,2.0,40.0
77,59b7d6e1eea5c510889ea754,3,20100,6700.0,3.874,9177.0,7.67,18.0,58.0,57.67,1018.0,1.0,33.0
78,5b507899ab577736508a0782,3,20100,6700.0,4.225,5316.0,6.33,40.67,42.0,42.33,976.0,,
79,5810aa5bde5bf01b645c909e,2,20100,10050.0,3.919,3791.0,3.38,3.5,4.0,4.0,876.0,1.0,50.0
80,56c6f731bc435416ed5984d7,2,20100,10050.0,4.017,40943.0,5.75,30.5,39.0,38.5,1516.0,1.0,50.0
81,5a018060448a526b450ddab8,2,20100,10050.0,4.153,8776.0,7.5,7.0,-6.0,-6.0,2696.0,1.0,50.0
82,57864d704d669274929898fb,3,20020,6673.0,3.925,32394.0,7.67,25.33,51.0,51.33,2872.0,,
83,584c23fbef56286074d2c9a6,3,20000,6667.0,3.732,3566.0,6.6,5.67,-16.0,-15.67,1243.0,,
84,5b1522ab7b94e12ee3d455c9,3,20000,6667.0,3.85,4295.0,6.59,5.67,-16.0,-16.0,549.0,1.0,33.0
85,55e7e41e606d0a18fdfc67d1,3,20000,6667.0,4.268,61895.0,10.0,9.0,-11.0,-11.33,1325.0,1.0,33.0
86,583e7f658108913bced6f8cf,3,20000,6667.0,4.29,9200.0,9.0,8.0,-13.0,-12.67,902.0,1.0,33.0
87,58216982dd9916453fe2d1a1,3,20000,6667.0,4.294,213709.0,5.91,27.0,77.0,77.33,1300.0,2.0,67.0
88,5803772d4dcf7942d7280c39,1,20000,20000.0,3.915,14553.0,14.0,12.0,-16.0,-16.0,5891.0,,
89,5a200757518c1c4b34845a1f,1,20000,20000.0,3.962,21210.0,5.8,43.0,87.0,87.0,2407.0,,
90,537975ab71795104807b06b4,1,20000,20000.0,3.962,33839.0,11.0,20.0,45.0,45.0,3929.0,,
91,5810a3d4a70e0356e24d3c6c,1,20000,20000.0,3.999,12476.0,8.0,7.0,-14.0,-14.0,3761.0,,
92,5a72e56d9d5e975657c1460a,1,20000,20000.0,4.003,4336.0,11.0,19.0,43.0,43.0,2729.0,,
93,598d8d1e2afd354f6ef9950d,1,20000,20000.0,4.007,15106.0,9.0,50.0,82.0,82.0,2440.0,,
94,570b68b9e902df590e48d196,1,20000,20000.0,4.017,11965.0,11.0,84.0,87.0,87.0,3572.0,1.0,100.0
95,56d813f66d64ff168ab1bfac,1,20000,20000.0,4.047,56999.0,3.79,49.0,93.0,93.0,8412.0,,
96,57a995f564fa71286bac2109,1,20000,20000.0,4.064,43742.0,7.0,11.0,37.0,37.0,6510.0,,
97,5368f053bb72c5150191a140,1,20000,20000.0,4.065,15748.0,9.0,8.0,-12.0,-12.0,3820.0,,
98,5c80bd2ab1ad6a6fc52a7eb3,1,20000,20000.0,4.07,3271.0,7.0,6.0,-16.0,-16.0,2464.0,,
99,59c0e0168696be51cef38e93,1,20000,20000.0,4.073,6714.0,6.0,6.0,0.0,0.0,2706.0,1.0,100.0
100,59cdc2112351344fc0dfa54f,1,20000,20000.0,4.082,22089.0,9.0,9.0,0.0,0.0,5479.0,,
101,55af776cc982de2775ba26d2,1,20000,20000.0,4.084,15006.0,8.0,59.0,87.0,87.0,5929.0,,
102,555f4174a4efd10ea5ebaa5f,1,20000,20000.0,4.097,200089.0,13.0,30.0,57.0,57.0,3421.0,1.0,100.0
103,59df389c88dd76239f03c701,1,20000,20000.0,4.097,4107.0,22.0,19.0,-15.0,-15.0,1103.0,,
104,5756d060b833235cbc250227,1,20000,20000.0,4.097,45964.0,13.0,252.0,95.0,95.0,12041.0,,
105,54869f80546ead6e5b318f5b,1,20000,20000.0,4.112,30892.0,12.0,11.0,-9.0,-9.0,5351.0,,
106,5acf2091cd968d299afe79a3,1,20000,20000.0,4.114,11740.0,6.0,6.0,0.0,0.0,6509.0,,
107,580dd6425250a21944205a36,1,20000,20000.0,4.119,4646.0,5.87,5.0,-17.0,-17.0,4137.0,,
108,57aeb5fb5a4ac218de83b64d,1,20000,20000.0,4.13,9492.0,8.0,7.0,-14.0,-14.0,3700.0,,
109,58b26eaa01c02f5114ac2ae9,1,20000,20000.0,4.147,21892.0,8.0,7.0,-14.0,-14.0,3090.0,,
110,5c0232c1d9333c676958674e,1,20000,20000.0,4.165,8501.0,7.0,6.0,-16.0,-16.0,2019.0,1.0,100.0
111,595b54fcd44a9b1180cb102b,1,20000,20000.0,4.168,49327.0,9.0,36.0,75.0,75.0,4345.0,,
112,5b2620ddd1c360688799eb51,1,20000,20000.0,4.184,6555.0,5.78,8.0,28.0,28.0,3975.0,,
113,58df45e5795cf052ae1c2142,1,20000,20000.0,4.196,8205.0,5.66,5.0,-13.0,-13.0,2927.0,,
114,57820e33ea637711873c1618,1,20000,20000.0,4.196,4570.0,3.65,4.0,9.0,9.0,4215.0,,
115,57edcd19252c15203b411d82,1,20000,20000.0,4.197,127966.0,5.71,84.0,94.0,94.0,4657.0,1.0,100.0
116,58183b4ea642e03dc54eda6e,1,20000,20000.0,4.205,48654.0,8.0,84.0,91.0,91.0,8960.0,1.0,100.0
117,542a670d4f66d92eba599455,1,20000,20000.0,4.209,32923.0,8.0,7.0,-14.0,-14.0,5781.0,,
118,584fd5cbd67ff04c93c70560,1,20000,20000.0,4.26,10269.0,5.0,5.0,0.0,0.0,7773.0,,
119,53208a086fa88c662a693514,1,20000,20000.0,4.288,44067.0,13.0,11.0,-18.0,-18.0,4378.0,1.0,100.0
120,58be502223167e61443f4d92,1,20000,20000.0,4.292,4448.0,11.0,10.0,-10.0,-10.0,3648.0,,
121,57875ba40cb30d38ba46f57d,1,20000,20000.0,4.31,58068.0,11.0,37.0,71.0,71.0,7596.0,1.0,100.0
122,5487c9b1b9b7e705069489fb,1,20000,20000.0,4.319,12304.0,5.88,9.0,35.0,35.0,6450.0,,
123,55e7ed3230a9764b0761fc82,1,20000,20000.0,4.321,68022.0,2.65,3.0,12.0,12.0,3443.0,,
124,54898f4c223ebf1cd713fdc2,1,20000,20000.0,4.33,295161.0,19.0,105.0,82.0,82.0,3787.0,,
125,57ff8c180fb8e31870c27d68,1,20000,20000.0,4.448,6719.0,8.0,75.0,90.0,90.0,5254.0,1.0,100.0
126,54b8872d40b37856baa55e38,1,20000,20000.0,4.462,100789.0,3.66,4.0,9.0,9.0,5882.0,,
127,5770ca6694fc5029d02c368a,2,20000,10000.0,3.901,12006.0,8.0,7.0,-14.0,-14.0,2069.0,1.0,50.0
128,5810c46f02b01e15f8a10e38,2,20000,10000.0,3.938,7314.0,5.93,5.5,-8.0,-8.5,787.0,1.0,50.0
129,561dc58d1f1ffb54d008b82f,2,20000,10000.0,4.144,110548.0,7.0,12.0,26.0,25.5,2911.0,,
130,591c4e7f1a071f13df7a63ff,2,20000,10000.0,4.168,2050.0,8.0,140.0,95.0,95.0,1910.0,1.0,50.0
131,53e442474497c57e900d7c64,2,20000,10000.0,4.194,3665.0,8.0,16.0,50.0,50.0,1589.0,1.0,50.0
132,54125ab34ad3ab158c0f72d9,2,20000,10000.0,4.236,190918.0,11.0,10.0,-10.0,-10.0,1717.0,1.0,50.0
133,570d017b1b4ca758e18e407d,2,20000,10000.0,4.244,10258.0,8.0,7.0,-14.0,-14.0,2438.0,,
134,5826f19f20a9402c37313979,2,20000,10000.0,4.307,5808.0,9.0,10.0,10.0,10.0,2587.0,1.0,50.0
135,582833faea77701b456c786a,8,17400,2175.0,3.868,10600.0,5.45,5.38,0.0,-0.12,326.0,2.0,25.0
136,59aaa4d39fbc514dc80328e3,4,17000,4250.0,3.899,17120.0,10.0,17.5,27.0,26.75,571.0,2.0,50.0
137,5b14d31d7e43f22f255ea98c,3,16000,5333.0,4.19,21012.0,3.83,38.0,89.0,89.33,1330.0,,
138,5406cabdc5c2464980dc6314,4,15100,3775.0,4.167,139788.0,7.25,23.5,47.0,46.5,772.0,1.0,25.0
139,5ae90e716691361cdb40fb0b,4,15100,3775.0,4.275,5781.0,8.25,22.5,50.0,49.5,683.0,1.0,25.0
140,5784d339e8aa8938977fefd0,3,15050,5017.0,4.146,21485.0,8.33,17.67,31.0,30.67,965.0,,
141,5c73a50ba0e25714e7f2bf90,2,15000,7500.0,3.938,4178.0,8.0,7.0,-14.0,-14.0,1074.0,,
142,597767f6171974220c25560a,2,15000,7500.0,4.03,16447.0,13.5,11.5,-17.0,-17.0,2312.0,,
143,5810bc6d61e38656e04e8ba2,2,15000,7500.0,4.055,7069.0,6.45,5.5,-17.0,-17.0,1255.0,,
144,583547f417dc6224cb464117,2,15000,7500.0,4.058,4213.0,7.5,7.0,-7.0,-7.0,765.0,,
145,569f632ed5f0840dda331a97,2,15000,7500.0,4.238,22765.0,10.0,14.5,25.0,24.5,1412.0,1.0,50.0
146,57baf75f63834218e305e4f4,5,13100,2620.0,3.886,32858.0,9.78,8.6,-12.0,-11.6,804.0,2.0,40.0
147,59c86bce67e9be6f9da5cb03,4,13000,3250.0,4.03,37956.0,6.1,43.0,65.0,64.5,717.0,2.0,50.0
148,556d0dc2c00cd721cce30dd1,3,12000,4000.0,3.996,25260.0,6.33,6.0,-5.0,-5.33,1431.0,1.0,33.0
149,584bcf7bfef409603f39b619,3,12000,4000.0,4.018,35358.0,5.96,6.33,8.0,7.67,619.0,1.0,33.0
150,566eaa533a698c6442549a74,4,12000,3000.0,3.947,5083.0,7.4,25.0,38.0,37.5,489.0,2.0,50.0
151,565c13ad389b9b2df29caa32,4,12000,3000.0,4.137,11505.0,6.11,11.5,33.0,33.0,312.0,1.0,25.0
152,5667f9745eec70268023940b,5,11200,2240.0,3.947,130598.0,10.18,13.0,4.0,4.2,437.0,2.0,40.0
153,58cfdefdacb37b556efdff7c,4,11100,2775.0,4.02,23832.0,8.75,9.5,7.0,7.0,320.0,2.0,50.0
154,5832e5632f5e534c23488f06,4,11100,2775.0,4.101,18029.0,11.5,17.75,20.0,19.5,521.0,1.0,25.0
155,55542b4b662da7114d591723,3,11000,3667.0,4.102,67171.0,8.0,8.0,1.0,1.0,989.0,3.0,100.0
156,5829d1ca96db262f04db2063,2,11000,5500.0,3.85,5934.0,8.0,60.5,70.0,69.5,410.0,1.0,50.0
157,5831ae002f5e534c0a485f06,2,11000,5500.0,3.865,4524.0,9.0,18.0,31.0,31.0,398.0,,
158,53994751796f684b7f2193b5,2,11000,5500.0,3.973,45524.0,6.93,22.5,41.0,40.5,334.0,1.0,50.0
159,57086fd7fa6bee434d0e5852,2,11000,5500.0,4.029,10501.0,6.0,50.0,81.0,80.5,1294.0,,
160,5954b765abea9167c0495382,2,11000,5500.0,4.163,6329.0,10.5,9.0,-16.0,-16.0,1489.0,,
161,58481b8e728de666bd5b925f,2,11000,5500.0,4.193,20387.0,15.0,125.0,88.0,88.0,1344.0,1.0,50.0
162,57c306d73a698c06f98ed450,4,10200,2550.0,4.114,9827.0,7.5,21.0,65.0,65.0,310.0,2.0,50.0
163,57fde031235aaa1926afe803,3,10100,3367.0,4.014,15348.0,6.67,27.33,51.0,51.33,306.0,1.0,33.0
164,55cc46e9b4f3404582b70222,2,10100,5050.0,3.928,29615.0,10.0,27.0,47.0,47.0,206.0,,
165,5667c747eb4b140fe963ba77,2,10100,5050.0,3.987,59234.0,7.5,46.0,46.0,45.5,398.0,,
166,5b24b6bdd1c3601ba899f0c0,1,10000,10000.0,3.795,6158.0,12.0,11.0,-9.0,-9.0,1276.0,1.0,100.0
167,5d4b891183889735374d3c88,1,10000,10000.0,3.795,1260.0,8.0,56.0,86.0,86.0,1285.0,,
168,582872761004352e57ee38a1,1,10000,10000.0,3.849,3972.0,9.0,14.0,36.0,36.0,644.0,,
169,5b14bc7ddaac4575492a01c5,1,10000,10000.0,3.872,12371.0,11.0,20.0,45.0,45.0,2841.0,1.0,100.0
170,59a2e74a8696be0eeb7a7ba9,1,10000,10000.0,3.897,8563.0,8.0,7.0,-14.0,-14.0,1467.0,1.0,100.0
171,5d3d59c772b0c92f4d1ea32d,1,10000,10000.0,3.907,1702.0,7.0,16.0,57.0,57.0,1792.0,,
172,582d5286168b54404ec5ecf2,1,10000,10000.0,3.941,5466.0,13.0,14.0,8.0,8.0,1938.0,,
173,591ed674fc9cce0fcd7ff354,1,10000,10000.0,3.952,2366.0,5.9,5.0,-18.0,-18.0,1933.0,,
174,5b8beef49996c87b299cdbec,1,10000,10000.0,3.958,6302.0,11.0,10.0,-10.0,-10.0,2058.0,,
175,5833f721e18c0f15d659a8ed,1,10000,10000.0,3.961,4019.0,8.0,7.0,-14.0,-14.0,1087.0,1.0,100.0
176,5b629265299c7e3db17cf86d,1,10000,10000.0,3.975,19735.0,5.77,5.0,-15.0,-15.0,2892.0,,
177,58579043e950f24d94f612dc,1,10000,10000.0,3.976,33148.0,8.0,13.0,39.0,39.0,2753.0,,
178,57e90050b97437131f78c7d7,1,10000,10000.0,3.982,3549.0,5.78,26.0,78.0,78.0,1426.0,,
179,584a9e7421390e4cb68dec18,1,10000,10000.0,3.982,6818.0,8.0,7.0,-14.0,-14.0,1649.0,,
180,5620c3b23a698c4bc7d17e8c,1,10000,10000.0,3.985,19521.0,12.0,11.0,-9.0,-9.0,3560.0,1.0,100.0
181,58061170aa46c6195c12950b,1,10000,10000.0,3.988,1987.0,8.0,9.0,12.0,12.0,1316.0,,
182,5847df29728de666ef5b853b,1,10000,10000.0,3.995,19879.0,8.0,8.0,0.0,0.0,1858.0,,
183,56669d89eb4b14361d45090f,1,10000,10000.0,4.018,23465.0,5.65,25.0,78.0,78.0,418.0,,
184,58da4490933abf52ad547200,1,10000,10000.0,4.025,23485.0,8.0,118.0,94.0,94.0,2519.0,,
185,578ed3e53a698c2b54ac93f4,1,10000,10000.0,4.026,14284.0,11.0,10.0,-10.0,-10.0,2102.0,,
186,55cc3e5f845591103477a2f8,1,10000,10000.0,4.033,55089.0,6.0,9.0,34.0,34.0,2211.0,,
187,570ceafac277d445e3cbebe5,1,10000,10000.0,4.053,7356.0,8.0,7.0,-14.0,-14.0,1312.0,1.0,100.0
188,5b6bb9c8dd0d902d18928318,1,10000,10000.0,4.054,7544.0,5.68,7.0,19.0,19.0,1232.0,,
189,5556c60071e86d19fe7590d4,1,10000,10000.0,4.055,5993.0,6.0,7.0,15.0,15.0,1238.0,1.0,100.0
190,5a9cfdb4ccf0c85918542fdd,1,10000,10000.0,4.066,34311.0,7.0,6.0,-16.0,-16.0,2483.0,,
191,565973368f5f027e14060846,1,10000,10000.0,4.071,27719.0,14.0,75.0,82.0,82.0,2514.0,,
192,5730557ae3daeb5b35ee1f0b,1,10000,10000.0,4.074,10665.0,6.0,8.0,25.0,25.0,1010.0,1.0,100.0
193,573d951ad57895595f6d5854,1,10000,10000.0,4.077,13399.0,8.0,7.0,-14.0,-14.0,2604.0,1.0,100.0
194,567a54fe7071ec7e12a1494e,1,10000,10000.0,4.079,12004.0,9.0,8.0,-12.0,-12.0,3101.0,,
195,5b52ea49b56d05463d973207,1,10000,10000.0,4.085,6651.0,8.0,22.0,64.0,64.0,904.0,1.0,100.0
196,5448701f90c77609a237f99f,1,10000,10000.0,4.088,117487.0,12.0,13.0,8.0,8.0,893.0,,
197,5780c6b2e8aa893157a3286f,1,10000,10000.0,4.101,11264.0,7.0,6.0,-16.0,-16.0,3078.0,,
198,5939085087117919c6f12a77,1,10000,10000.0,4.105,2399.0,1.91,2.0,5.0,5.0,697.0,,
199,58c28c4cae99c651278d7e6e,1,10000,10000.0,4.109,19436.0,11.0,10.0,-10.0,-10.0,1780.0,,
200,591c47e34d43573c91966c72,1,10000,10000.0,4.115,15502.0,11.0,43.0,75.0,75.0,2521.0,,
201,5937930e188f3d1bd209896d,1,10000,10000.0,4.122,9325.0,11.0,12.0,9.0,9.0,666.0,,
202,57fcc26f1c813a50b2a86956,1,10000,10000.0,4.123,31559.0,6.0,142.0,96.0,96.0,1941.0,,
203,5acdb384ccf0c86f34c5d539,1,10000,10000.0,4.125,9938.0,7.0,6.0,-16.0,-16.0,1797.0,,
204,5addba5481260b1ddfffe5a3,1,10000,10000.0,4.145,3977.0,7.0,16.0,57.0,57.0,1116.0,,
205,56c3c5d830d9795c3bad3124,1,10000,10000.0,4.148,14502.0,13.0,11.0,-18.0,-18.0,2901.0,1.0,100.0
206,59b88527b77173631729908e,1,10000,10000.0,4.149,21412.0,4.0,4.0,0.0,0.0,1412.0,1.0,100.0
207,56e6928521790d587623b3b4,1,10000,10000.0,4.151,27055.0,5.0,5.0,0.0,0.0,3208.0,1.0,100.0
208,57973560cb38dd77d126e9f1,1,10000,10000.0,4.152,120781.0,11.0,16.0,32.0,32.0,1586.0,,
209,5acc6cc0c3911a32ad141f60,1,10000,10000.0,4.162,8727.0,7.0,9.0,23.0,23.0,1838.0,1.0,100.0
210,5961d4e6905fdb5a6f505cd3,1,10000,10000.0,4.181,11148.0,8.0,7.0,-14.0,-14.0,1473.0,,
211,59dc769133a48743534ac5c7,1,10000,10000.0,4.181,2975.0,11.0,11.0,0.0,0.0,1520.0,,
212,586dff6c16e4106b5e5feb58,1,10000,10000.0,4.183,28159.0,6.0,76.0,93.0,93.0,1741.0,,
213,5ae5c3cb4215954239aff8b9,1,10000,10000.0,4.188,2359.0,6.0,10.0,40.0,40.0,1496.0,1.0,100.0
214,57d904168172661fe3b3256a,1,10000,10000.0,4.192,2888.0,9.0,59.0,85.0,85.0,1721.0,,
215,58ffff331a1cef16a78c78f4,1,10000,10000.0,4.203,22173.0,13.0,84.0,85.0,85.0,2328.0,1.0,100.0
216,598040ea0ec30f7f43a3cc35,1,10000,10000.0,4.209,4295.0,9.0,8.0,-12.0,-12.0,3024.0,1.0,100.0
217,56e628924bd2915857b4ffdf,1,10000,10000.0,4.224,16064.0,14.0,12.0,-16.0,-16.0,3574.0,,
218,56f0f2bdc3c3715871ade946,1,10000,10000.0,4.228,30292.0,8.0,25.0,68.0,68.0,2324.0,,
219,5d52278327752b029793c927,1,10000,10000.0,4.238,783.0,1.77,2.0,12.0,12.0,510.0,,
220,5b43232f86152a07d4ffc58c,1,10000,10000.0,4.241,4907.0,8.0,11.0,28.0,28.0,1715.0,,
221,5b8a5636af279f1699366496,1,10000,10000.0,4.251,3309.0,18.0,17.0,-5.0,-5.0,3229.0,,
222,551c02310570552bbd036dbb,1,10000,10000.0,4.259,20169.0,8.0,11.0,28.0,28.0,3345.0,1.0,100.0
223,5ad31267ea8764621df718c0,1,10000,10000.0,4.28,11596.0,6.0,31.0,81.0,81.0,2789.0,,
224,58b81d56e3f66d59b36812ac,1,10000,10000.0,4.293,9661.0,7.0,6.0,-16.0,-16.0,3079.0,,
225,53ad2f5a46188e43c8b6bef6,1,10000,10000.0,4.301,23719.0,13.0,84.0,85.0,85.0,2592.0,,
226,591a999d1a071f7e40e984a4,1,10000,10000.0,4.301,17621.0,16.0,14.0,-14.0,-14.0,3075.0,1.0,100.0
227,56e7bdeefdc43f585fce9122,1,10000,10000.0,4.308,9981.0,13.0,11.0,-18.0,-18.0,1184.0,,
228,53f2db3c104dae6bcae0c271,1,10000,10000.0,4.311,230951.0,4.0,4.0,0.0,0.0,2150.0,,
229,5577b101429aa92940bc33e7,1,10000,10000.0,4.314,33675.0,6.0,6.0,0.0,0.0,2808.0,1.0,100.0
230,596c927e94158579f28517e3,1,10000,10000.0,4.322,1659.0,8.0,47.0,83.0,83.0,1631.0,,
231,5b2604207b94e16c00375350,1,10000,10000.0,4.324,2736.0,6.0,6.0,0.0,0.0,1669.0,,
232,59797d8e439a9870104928a1,1,10000,10000.0,4.343,16091.0,9.0,17.0,48.0,48.0,2253.0,,
233,565537c7a9a8a4572be0bef5,1,10000,10000.0,4.353,12881.0,17.0,15.0,-13.0,-13.0,3040.0,,
234,5bd0a13aa8f4bb2739445be4,1,10000,10000.0,4.356,2174765.0,5.66,5.0,-13.0,-13.0,2068.0,,
235,58a6971e0e16e97a6636a1b8,1,10000,10000.0,4.395,85562.0,4.66,5.0,7.0,7.0,1594.0,,
236,57713183bd6b18740117229d,1,10000,10000.0,4.396,11333.0,3.67,4.0,9.0,9.0,2072.0,,
237,585037af728de662411bd39a,2,10000,5000.0,3.775,6876.0,8.5,8.0,-4.0,-4.5,486.0,1.0,50.0
238,5bde9444a53011739fbde291,2,10000,5000.0,3.818,2127.0,8.5,8.0,-5.0,-5.0,707.0,,
239,5646e6e72a6bdb446aaf6cc8,2,10000,5000.0,3.88,20037.0,11.0,10.0,-10.0,-10.0,402.0,1.0,50.0
240,58d20e95c7b73b52c9670c22,2,10000,5000.0,4.048,32778.0,5.0,6.0,17.0,17.0,824.0,1.0,50.0
241,56c55a76cce1893c1b8a1716,2,10000,5000.0,4.07,5019.0,5.0,8.0,38.0,38.0,747.0,1.0,50.0
242,5b658cbebc3b221445ba1440,2,10000,5000.0,4.082,8547.0,7.0,159.0,96.0,96.0,1632.0,1.0,50.0
243,58dceeb2a6d6757401114dfd,2,10000,5000.0,4.106,31916.0,13.0,11.5,-12.0,-12.5,1055.0,,
244,599bf53b21064f19ffffc891,2,10000,5000.0,4.124,13127.0,10.0,18.0,30.0,29.5,275.0,1.0,50.0
245,57fc688ffcd3bb1955cb6f31,2,10000,5000.0,4.217,8242.0,7.0,26.0,74.0,74.0,542.0,1.0,50.0
246,58a6b5d975b8da57c954c719,2,10000,5000.0,4.286,99283.0,4.75,4.5,-4.0,-4.0,749.0,1.0,50.0
247,5495976a40b3782bc8b3654a,4,8000,2000.0,3.954,73271.0,9.75,11.25,5.0,5.25,563.0,1.0,25.0
248,5ae296b6cd968d66be12d247,3,7000,2333.0,4.062,3592.0,8.67,24.33,27.0,26.67,266.0,1.0,33.0
249,587f85cbb8038f4cb049c56c,3,7000,2333.0,4.08,50864.0,6.27,14.33,43.0,43.33,432.0,,
250,5ae3d438c1d5187ae0dcea90,3,7000,2333.0,4.147,5042.0,10.33,27.0,36.0,36.33,433.0,,
251,571b38e66c39b141b1ad43e1,4,6200,1550.0,3.858,3053.0,5.75,5.5,-3.0,-3.5,137.0,,
252,58311e2257e86a1b8863f74c,4,6200,1550.0,3.968,7076.0,8.5,33.0,36.0,35.75,193.0,3.0,75.0
253,58a99ceca65ebc504a6ebf1e,4,6020,1505.0,3.966,27175.0,8.95,42.75,37.0,37.0,325.0,1.0,25.0
254,58b92804935861529969e778,3,6010,2003.0,4.254,6357.0,5.97,5.33,-11.0,-10.67,197.0,2.0,67.0
255,5d464f4a56a26046dd1bb8a4,2,6000,3000.0,3.777,779.0,12.0,11.0,-9.0,-9.0,491.0,,
256,5d49403060c79c113a908720,2,6000,3000.0,3.871,3460.0,7.5,6.5,-15.0,-15.0,743.0,,
257,583e34bb0299bc7904a92edf,2,6000,3000.0,4.152,5819.0,9.0,8.0,-12.0,-12.0,481.0,,
258,5860cf7b0929fc4d76180aed,2,6000,3000.0,4.194,124563.0,10.0,9.0,-11.0,-11.0,484.0,,
259,5788a55ba78e3f2dce4126ff,2,6000,3000.0,4.223,13884.0,3.5,3.5,0.0,0.0,858.0,,
260,58d0c52c19bf8b6b34178db0,2,6000,3000.0,4.268,30225.0,9.5,61.0,82.0,81.5,985.0,1.0,50.0
261,5268759b736046671957190c,5,5400,1080.0,3.838,91631.0,2.31,10.0,75.0,75.2,187.0,2.0,40.0
262,55f7c64b3a698c4749f3bccf,4,5250,1313.0,4.074,14676.0,7.75,13.5,12.0,11.5,308.0,1.0,25.0
263,566a47bfe9fa8a31b3ef5141,5,5250,1050.0,4.002,25222.0,6.8,32.4,68.0,68.0,279.0,2.0,40.0
264,54d83b6b6b8a771e478558de,3,5200,1733.0,3.696,4435.0,3.0,46.67,92.0,92.33,529.0,1.0,33.0
265,53f6b7c81c105e2dfac91041,3,5200,1733.0,4.301,225438.0,8.67,8.0,-7.0,-6.67,366.0,1.0,33.0
266,58ba636a69ad29505a730852,2,5100,2550.0,3.832,18138.0,3.37,43.5,54.0,54.0,154.0,,
267,5963882dd9b42511248ca27d,2,5100,2550.0,3.854,2363.0,10.98,10.0,-6.0,-6.5,368.0,1.0,50.0
268,5788dc8d88eb7a2e8a04b1b2,2,5100,2550.0,3.955,38258.0,12.5,35.5,33.0,33.0,458.0,,
269,5ad4325e9bda4e08bf7fd188,2,5100,2550.0,4.065,8117.0,17.0,64.0,36.0,35.5,386.0,,
270,5d173ba2dbf7606ee45e0b19,2,5100,2550.0,4.216,7851.0,6.0,17.0,65.0,65.0,252.0,,
271,5b235f8ad1c3603c027fdcda,2,5100,2550.0,4.218,5841.0,10.0,9.5,-3.0,-3.5,1092.0,,
272,583e3e7a5022c71b82d1b18c,2,5100,2550.0,4.236,2199.0,6.34,13.5,28.0,28.0,425.0,1.0,50.0
273,5817f156d8ef7848c3b400cc,2,5100,2550.0,4.386,73595.0,11.5,128.5,91.0,90.5,277.0,2.0,100.0
274,593aa1956a74d26d7914a7e4,1,5000,5000.0,3.682,1021.0,12.0,11.0,-9.0,-9.0,887.0,,
275,59a8267535e73b1fe45b702e,1,5000,5000.0,3.687,1686.0,7.0,6.0,-16.0,-16.0,1212.0,,
276,5832a8766945cb1c96d3e2d8,1,5000,5000.0,3.795,12348.0,18.0,27.0,34.0,34.0,1058.0,,
277,58314fcb7284901b7ca0d358,1,5000,5000.0,3.8,9678.0,8.0,8.0,0.0,0.0,555.0,,
278,57ac6144abd6d018985e34a7,1,5000,5000.0,3.819,24095.0,15.0,13.0,-15.0,-15.0,1072.0,,
279,5ad6ddb822fad74c8ed3fa3a,1,5000,5000.0,3.821,1029.0,9.0,8.0,-12.0,-12.0,429.0,,
280,5ae2fae49d5e9703cfd6b63c,1,5000,5000.0,3.843,4830.0,11.0,17.0,36.0,36.0,692.0,1.0,100.0
281,59e6e21337f9f80861ee895f,1,5000,5000.0,3.864,7631.0,8.0,50.0,84.0,84.0,1057.0,1.0,100.0
282,5ba8dffeb2f5b12221c73576,1,5000,5000.0,3.873,2608.0,11.0,108.0,90.0,90.0,299.0,,
283,58de1f5eef07c15511148726,1,5000,5000.0,3.897,3990.0,12.0,16.0,25.0,25.0,701.0,,
284,5a6166cbedd44230ea9c60dc,1,5000,5000.0,3.904,2510.0,8.0,7.0,-14.0,-14.0,876.0,1.0,100.0
285,5b96067f42ebca48f6c041e8,1,5000,5000.0,3.911,4571.0,13.0,17.0,24.0,24.0,792.0,1.0,100.0
286,578793716b944637fa356bb4,1,5000,5000.0,3.923,1411.0,6.0,6.0,0.0,0.0,609.0,,
287,578e02bec0e9340e993d13f4,1,5000,5000.0,3.946,5365.0,8.0,7.0,-14.0,-14.0,309.0,1.0,100.0
288,5a1a2758f3c1176a45e41544,1,5000,5000.0,3.946,1490.0,11.0,12.0,9.0,9.0,1045.0,,
289,576518fcf093bd5e79c5e351,1,5000,5000.0,3.946,17244.0,13.0,51.0,75.0,75.0,127.0,1.0,100.0
290,5a5a074d87c25b39c7a80ef1,1,5000,5000.0,3.949,9926.0,6.0,41.0,86.0,86.0,939.0,,
291,5646025ecb3a45127928c032,1,5000,5000.0,3.958,5660.0,11.0,10.0,-10.0,-10.0,1897.0,,
292,54f804901c36ca266909d090,1,5000,5000.0,3.96,15173.0,19.0,17.0,-11.0,-11.0,1163.0,1.0,100.0
293,5b5a8a32f114fc2a4ca301d3,1,5000,5000.0,3.96,7874.0,14.0,27.0,49.0,49.0,1442.0,1.0,100.0
294,57ff8bcd0712e0312f81ed73,1,5000,5000.0,3.966,1029.0,2.0,2.0,0.0,0.0,320.0,,
295,5ae417f567d25c041f6dd934,1,5000,5000.0,3.978,1288.0,12.0,17.0,30.0,30.0,387.0,,
296,5837b0dc751d4d1b6e319c73,1,5000,5000.0,3.981,56745.0,13.0,11.0,-18.0,-18.0,1224.0,,
297,58c4f51a77361650efb028df,1,5000,5000.0,3.981,1821.0,9.0,8.0,-12.0,-12.0,593.0,,
298,58160e10f870301b4bff64fc,1,5000,5000.0,3.986,3915.0,9.0,8.0,-12.0,-12.0,878.0,1.0,100.0
299,56d6cf588bd26e03ee663123,1,5000,5000.0,3.995,7889.0,9.0,50.0,82.0,82.0,985.0,,
300,5825d0a72cf1425389672c35,1,5000,5000.0,4.002,12574.0,8.0,7.0,-14.0,-14.0,581.0,1.0,100.0
301,5d55015e3cc46d5c40a15c19,1,5000,5000.0,4.015,1181.0,9.0,19.0,53.0,53.0,588.0,,
302,5d7c4cc361090057c2bc7331,1,5000,5000.0,4.018,571.0,12.0,13.0,8.0,8.0,192.0,,
303,5902b4eab3e322098d3b41eb,1,5000,5000.0,4.022,35751.0,11.0,88.0,88.0,88.0,1514.0,,
304,59afe1e030e1f33208fb2ca0,1,5000,5000.0,4.025,12033.0,7.0,6.0,-16.0,-16.0,601.0,,
305,5819eb90d3d4474ddf97b23e,1,5000,5000.0,4.029,5995.0,5.0,5.0,0.0,0.0,763.0,,
306,59cc8ef5776ab943e535b888,1,5000,5000.0,4.04,32323.0,15.0,13.0,-15.0,-15.0,1632.0,,
307,5810b1db3deb94160f5cd4a3,1,5000,5000.0,4.041,15436.0,6.0,6.0,0.0,0.0,616.0,,
308,58380161e18c0f0c70dd6907,1,5000,5000.0,4.041,14194.0,8.0,7.0,-14.0,-14.0,1248.0,,
309,59644507366c0629be364972,1,5000,5000.0,4.045,12933.0,9.0,8.0,-12.0,-12.0,1336.0,,
310,59cef71c21064f20067f4313,1,5000,5000.0,4.046,2700.0,8.0,17.0,53.0,53.0,787.0,,
311,57adc71ab0960b039817e137,1,5000,5000.0,4.048,24771.0,9.0,8.0,-12.0,-12.0,740.0,,
312,5a17b55d1f4d8c4f0b44b0ce,1,5000,5000.0,4.053,15855.0,18.0,27.0,34.0,34.0,1903.0,,
313,563a19d1f75382101530dc15,1,5000,5000.0,4.054,39395.0,8.0,7.0,-14.0,-14.0,1269.0,,
314,5972058b439a9828e425dd78,1,5000,5000.0,4.054,13879.0,11.0,11.0,0.0,0.0,1401.0,,
315,587f55e57f83404d58fe59fb,1,5000,5000.0,4.057,4335.0,9.0,8.0,-12.0,-12.0,613.0,,
316,587b795b0366d00c898ea210,1,5000,5000.0,4.058,2359.0,9.0,13.0,31.0,31.0,1017.0,,
317,58e5a2822d91301f0b3a6bd9,1,5000,5000.0,4.064,20824.0,8.0,65.0,88.0,88.0,1366.0,,
318,5c17357134f7db2450b03d51,1,5000,5000.0,4.069,1998.0,6.0,29.0,80.0,80.0,615.0,,
319,53e4bb20ff4d6d1b68bdb6d1,1,5000,5000.0,4.071,253249.0,3.67,9.0,60.0,60.0,510.0,1.0,100.0
320,5528e31e43a8db0c29241cd1,1,5000,5000.0,4.081,8500.0,11.0,10.0,-10.0,-10.0,728.0,,
321,5641e263906c9c12737e6725,1,5000,5000.0,4.089,5534.0,5.65,9.0,38.0,38.0,1002.0,1.0,100.0
322,56dd52e8e0a234169b46c4ca,1,5000,5000.0,4.091,14275.0,9.0,8.0,-12.0,-12.0,827.0,,
323,530306fe34067e3f15c41d87,1,5000,5000.0,4.093,9116.0,19.0,21.0,10.0,10.0,1561.0,1.0,100.0
324,5e50d52818034a6835aeed37,1,5000,5000.0,4.1,591.0,2.0,7.0,72.0,72.0,239.0,,
325,5b5576f84543f458aee346fb,1,5000,5000.0,4.11,4220.0,14.0,26.0,47.0,47.0,437.0,,
326,585a8e9a7b78704cd251a232,1,5000,5000.0,4.121,11883.0,5.0,5.0,0.0,0.0,883.0,,
327,5878edca3497136a61732df9,1,5000,5000.0,4.131,4921.0,8.0,7.0,-14.0,-14.0,983.0,,
328,585f9ac5d7d14e4d51c16d4e,1,5000,5000.0,4.135,33705.0,7.0,9.0,23.0,23.0,1169.0,1.0,100.0
329,543cf22998dc200761d621b2,1,5000,5000.0,4.138,9465.0,5.69,17.0,67.0,67.0,922.0,,
330,5ae6dab8b125ab6825502d06,1,5000,5000.0,4.146,2293.0,3.73,9.0,59.0,59.0,856.0,,
331,5911220e84aaef7ce5d732ef,1,5000,5000.0,4.156,13308.0,6.0,17.0,65.0,65.0,1650.0,,
332,587b63ed3cca004cbd02d7d3,1,5000,5000.0,4.158,6476.0,6.0,38.0,85.0,85.0,1442.0,,
333,5e673ce450536b05cca259f2,1,5000,5000.0,4.171,602.0,11.0,38.0,72.0,72.0,377.0,,
334,59e70d8ceea5c546fa152f42,1,5000,5000.0,4.176,8166.0,8.0,7.0,-14.0,-14.0,917.0,,
335,56db028b3a9cb801c374b3c6,1,5000,5000.0,4.177,9486.0,6.0,6.0,0.0,0.0,901.0,,
336,57e00221b8115e1061a6f6d0,1,5000,5000.0,4.178,4373.0,8.0,7.0,-14.0,-14.0,957.0,,
337,5a5f153e430b71500d87877c,1,5000,5000.0,4.193,4632.0,8.0,58.0,87.0,87.0,920.0,,
338,58f0a6738a60c363c1281d72,1,5000,5000.0,4.193,11680.0,7.0,25.0,72.0,72.0,774.0,,
339,540ec1f21d2d431f2d4b5cb6,1,5000,5000.0,4.2,3532.0,8.0,122.0,94.0,94.0,1355.0,,
340,54236fbbf6d29616559514c9,1,5000,5000.0,4.216,41906.0,8.0,27.0,71.0,71.0,921.0,,
341,59538508e81e8a67610d9c8b,1,5000,5000.0,4.226,13075.0,14.0,68.0,80.0,80.0,734.0,,
342,5ad02d61ccf0c866db06b8c9,1,5000,5000.0,4.228,2114.0,5.69,5.0,-13.0,-13.0,437.0,,
343,5a69c113da6ce6220cd14e05,1,5000,5000.0,4.23,8740.0,5.0,5.0,0.0,0.0,667.0,,
344,5435ef5d01c0c057210e6b32,1,5000,5000.0,4.231,228676.0,16.0,34.0,53.0,53.0,1612.0,1.0,100.0
345,5950dd272eac1127e00c4883,1,5000,5000.0,4.232,5985.0,14.0,89.0,85.0,85.0,647.0,,
346,59e968275d6f342463a6157b,1,5000,5000.0,4.237,24306.0,13.0,68.0,81.0,81.0,1095.0,1.0,100.0
347,56d954c8d30d44338d07e50a,1,5000,5000.0,4.25,4809.0,7.0,22.0,69.0,69.0,797.0,,
348,58eb0bacd36f081046b7149c,1,5000,5000.0,4.251,2380.0,8.0,7.0,-14.0,-14.0,870.0,,
349,582173d6797f2308a87626e7,1,5000,5000.0,4.252,92654.0,5.65,5.0,-13.0,-13.0,998.0,,
350,5ac0310597223354603de223,1,5000,5000.0,4.253,4610.0,11.0,10.0,-10.0,-10.0,1556.0,,
351,5576bb43de4a8c24953ae98f,1,5000,5000.0,4.257,23609.0,11.0,10.0,-10.0,-10.0,1183.0,,
352,58be241991fd205b2462acc3,1,5000,5000.0,4.261,32386.0,14.0,84.0,84.0,84.0,686.0,,
353,53c62f6b46188e177eb57b6d,1,5000,5000.0,4.267,12083.0,16.0,56.0,72.0,72.0,781.0,1.0,100.0
354,59410b5a7c64942ee36dad7a,1,5000,5000.0,4.279,3209.0,8.0,7.0,-14.0,-14.0,894.0,,
355,578e0488ba8cd20e9b1b4a3b,1,5000,5000.0,4.297,13510.0,5.0,5.0,0.0,0.0,1013.0,1.0,100.0
356,589ae185ad330a4feb2b6dd5,1,5000,5000.0,4.299,68339.0,8.0,7.0,-14.0,-14.0,2737.0,1.0,100.0
357,593f5bc925c4f57281c63593,1,5000,5000.0,4.304,4191.0,3.0,17.0,83.0,83.0,788.0,,
358,547bdd648edcfa5656cac810,1,5000,5000.0,4.306,223392.0,2.66,3.0,12.0,12.0,1136.0,,
359,58f6f47891a95f10f0c54b8c,1,5000,5000.0,4.316,92005.0,8.0,7.0,-14.0,-14.0,1512.0,,
360,561921dd9342a274cb448c07,1,5000,5000.0,4.397,1963.0,8.0,17.0,53.0,53.0,907.0,,
361,5879cca64f3f2e4e79ae70ae,1,5000,5000.0,4.398,12666.0,4.0,26.0,85.0,85.0,825.0,,
362,585a1ec0b357934ca66b1457,1,5000,5000.0,4.465,47476.0,11.0,26.0,58.0,58.0,1571.0,,
363,59b29ff23eb22a1355606548,1,5000,5000.0,4.471,19184.0,15.0,13.0,-15.0,-15.0,1257.0,,
364,545c2b1790c776172b72d5ab,4,4000,1000.0,4.057,47356.0,13.0,11.25,-15.0,-15.0,407.0,2.0,50.0
365,5aa78a0c75599a5bd049d682,5,3200,640.0,4.033,5264.0,9.2,11.0,17.0,16.6,261.0,1.0,20.0
366,5ae00dbf67d25c69bcf0251c,4,3100,775.0,4.195,4811.0,11.5,22.75,14.0,13.5,167.0,2.0,50.0
367,5e5363458cd99e4035bcd1c8,3,3000,1000.0,3.96,703.0,8.62,63.0,86.0,86.33,86.0,1.0,33.0
368,56fba259138ef73c2a749a56,6,2400,400.0,3.959,5654.0,3.12,3.33,9.0,8.67,97.0,3.0,50.0
369,5177b0b63feb620dd802a197,5,2300,460.0,3.79,105015.0,6.83,6.6,1.0,1.0,64.0,2.0,40.0
370,5d5256c527752b19063d8c53,5,2300,460.0,3.943,247.0,7.53,6.8,-7.0,-7.0,51.0,2.0,40.0
371,5d4a717070327a03c1e7644e,5,2250,450.0,3.797,3762.0,6.03,7.0,21.0,21.2,34.0,4.0,80.0
372,5952a218e81e8a4c30b5bbbc,4,2200,550.0,3.957,9470.0,6.37,5.5,-15.0,-15.25,197.0,1.0,25.0
373,5ae7cee3a71fbf0725de5d43,4,2200,550.0,4.003,2044.0,5.89,21.5,60.0,59.5,84.0,2.0,50.0
374,570e15d2a18a3f5bc5285b9d,3,2100,700.0,3.953,7858.0,6.55,14.67,43.0,43.0,235.0,1.0,33.0
375,56c6a33fabb774437118cd63,3,2100,700.0,3.965,7936.0,6.0,5.67,-3.0,-3.0,86.0,1.0,33.0
376,5ae29b4e1baafe7c0109c5ae,3,2100,700.0,4.024,3300.0,7.67,25.33,40.0,39.67,151.0,,
377,58c35950e2de036da9e2b570,3,2100,700.0,4.064,38985.0,9.67,48.0,65.0,65.33,359.0,1.0,33.0
378,5abb2cf26be8733b5bf6844f,3,2100,700.0,4.117,31138.0,3.53,6.67,48.0,48.33,86.0,1.0,33.0
379,58259c456ebae74739ecfdc8,3,2100,700.0,4.15,2248.0,9.67,9.0,-6.0,-6.0,249.0,2.0,67.0
380,5ae93337d204cc177313f242,3,2100,700.0,4.232,4516.0,9.33,20.33,52.0,52.33,87.0,,
381,5d46d6fd4c78550b43ab8351,2,2000,1000.0,3.476,942.0,8.0,7.0,-14.0,-14.0,86.0,,
382,5eba4507ad610e0589cab8c3,2,2000,1000.0,3.677,232.0,6.0,10.0,40.0,40.0,87.0,1.0,50.0
383,565c293d99558d1ed8ae7fb2,2,2000,1000.0,3.81,28295.0,6.9,20.0,56.0,55.5,104.0,,
384,583512a3b63b3b249b0acc46,2,2000,1000.0,3.862,25914.0,6.0,47.0,88.0,88.0,134.0,1.0,50.0
385,55d18ce6183a5d103f970011,2,2000,1000.0,3.871,13979.0,5.5,19.0,67.0,67.0,62.0,,
386,547d7e413b64451274068583,2,2000,1000.0,3.895,25631.0,5.85,13.0,55.0,55.0,602.0,1.0,50.0
387,5440e3d7f8abc82cbd97b19c,2,2000,1000.0,3.908,87178.0,11.0,152.0,93.0,93.0,808.0,1.0,50.0
388,546d44001280fa3ce1bf80fa,2,2000,1000.0,3.91,20478.0,12.0,17.0,30.0,30.0,103.0,1.0,50.0
389,566a25e33a698c1f131fd872,2,2000,1000.0,3.949,36913.0,7.5,11.0,30.0,29.5,59.0,1.0,50.0
390,5a5c78ee9d0a7b724c6535fa,2,2000,1000.0,3.965,3373.0,9.0,65.0,87.0,87.0,162.0,1.0,50.0
391,5b8e776e2eb51f7a5900a88a,2,2000,1000.0,3.965,1322.0,8.0,7.0,-14.0,-14.0,373.0,1.0,50.0
392,5d47dd864f7ba75f53d67c7c,2,2000,1000.0,4.012,1290.0,7.0,50.0,86.0,86.0,49.0,1.0,50.0
393,58fde9517c09181253b0ef86,2,2000,1000.0,4.013,9341.0,7.0,6.0,-16.0,-16.0,245.0,1.0,50.0
394,58c921126c30436b692b1ead,2,2000,1000.0,4.039,16523.0,11.0,33.5,33.0,33.0,576.0,1.0,50.0
395,58c910072be00b51c601ccee,2,2000,1000.0,4.057,6715.0,10.0,33.5,35.0,35.0,130.0,1.0,50.0
396,5adef3559d5e9767b3177472,2,2000,1000.0,4.06,7034.0,9.33,8.5,-6.0,-6.0,295.0,,
397,59c7610621064f2f6c8c9fe7,2,2000,1000.0,4.097,2076.0,8.0,7.0,-14.0,-14.0,220.0,,
398,5d410bd1fe55c814ade29a1c,2,2000,1000.0,4.109,612.0,8.0,7.0,-14.0,-14.0,118.0,1.0,50.0
399,580f06685250a20783d33e56,2,2000,1000.0,4.151,11900.0,14.0,75.5,82.0,82.0,159.0,,
400,548142ac653d51041ac1174f,2,2000,1000.0,4.173,10377.0,5.84,11.0,47.0,47.0,307.0,1.0,50.0
401,5ae56280ddf45b183333ac45,2,2000,1000.0,4.182,3161.0,5.87,36.0,73.0,72.5,163.0,,
402,5938c5a58e5b2e6601f01c6f,2,2000,1000.0,4.184,6775.0,15.0,68.0,78.0,78.0,546.0,1.0,50.0
403,5abf36d540626a753e8fc18a,2,2000,1000.0,4.288,3883.0,5.0,5.0,0.0,0.0,435.0,1.0,50.0
404,590f2995f3d19c2cba264414,2,2000,1000.0,4.325,2792.0,5.0,5.0,0.0,0.0,31.0,1.0,50.0
405,5901f6c2a8e3eb2aca4b5559,2,2000,1000.0,4.331,4508.0,12.0,22.0,46.0,45.5,258.0,2.0,100.0
406,59aebfa350df6107c1eff8c8,2,2000,1000.0,4.382,13625.0,7.0,30.0,77.0,77.0,179.0,1.0,50.0
407,5b4028d56385741bff3b9163,2,2000,1000.0,4.391,6187.0,5.87,11.0,47.0,47.0,209.0,1.0,50.0
408,5de0981739adf2a3406bed18,4,1300,325.0,3.729,288.0,10.25,9.0,-13.0,-13.0,101.0,2.0,50.0
409,54db03867851097093c0efe7,4,1300,325.0,3.852,8989.0,8.5,7.5,-13.0,-13.5,92.0,1.0,25.0
410,5aab3c8ea6bf7a704caec65c,4,1300,325.0,3.953,17471.0,7.37,6.5,-14.0,-14.25,178.0,1.0,25.0
411,593fcbd5ff3e807d6a8485ff,4,1300,325.0,4.024,12919.0,7.0,6.25,-7.0,-7.0,22.0,1.0,25.0
412,55dc300452a04b658ad68139,3,1200,400.0,3.895,26473.0,8.54,24.0,49.0,48.67,172.0,1.0,33.0
413,58db84154f0c6b53626b73ac,3,1200,400.0,3.917,33855.0,9.26,34.0,53.0,52.67,171.0,,
414,5836e38728f25753fe6af6a8,3,1200,400.0,4.033,45151.0,12.67,11.0,-15.0,-15.0,207.0,1.0,33.0
415,58a6f92596f1bb57c40b0d56,3,1200,400.0,4.048,7627.0,11.22,11.0,2.0,2.0,182.0,1.0,33.0
416,5700e7eac1bed1088d6cd40a,3,1200,400.0,4.106,7363.0,8.0,9.33,16.0,15.67,103.0,,
417,5b0b907d59206904541886cf,3,1200,400.0,4.218,514.0,16.0,14.0,-14.0,-14.0,97.0,1.0,33.0
418,5864767762a1e84ca30df7c9,3,1200,400.0,4.235,26833.0,13.0,93.33,87.0,87.0,210.0,,
419,58b7d6dd3c18975a18817d64,3,1200,400.0,4.277,794.0,9.67,8.67,-12.0,-12.0,60.0,1.0,33.0
420,594ba69f2eac11550ec111a1,3,1150,383.0,4.039,7676.0,9.28,13.33,35.0,35.0,90.0,,
421,575cfe470551415caa5505b5,3,1150,383.0,4.11,9395.0,6.67,26.33,76.0,75.67,206.0,1.0,33.0
422,5aca1225e053885132dc837a,2,1100,550.0,3.736,1452.0,11.5,10.5,-9.0,-9.5,103.0,,
423,5d462e58f320403871a78593,2,1100,550.0,3.838,2055.0,7.5,6.5,-15.0,-15.0,93.0,1.0,50.0
424,58aec90823ef726994a323fe,2,1100,550.0,3.867,12134.0,6.46,5.5,-17.0,-17.0,243.0,1.0,50.0
425,57b58a411f608c02bd6976a4,2,1100,550.0,3.871,5175.0,9.5,8.5,-12.0,-12.0,158.0,,
426,5e548120207f9d0685eec2ea,2,1100,550.0,3.992,484.0,1.77,5.5,46.0,45.5,62.0,1.0,50.0
427,5d5f4780bd01a83fca39e0db,2,1100,550.0,4.007,1373.0,1.8,25.5,94.0,93.5,22.0,1.0,50.0
428,5684eae9daaaee26a0fdadba,2,1100,550.0,4.025,47981.0,8.0,29.5,67.0,67.0,229.0,,
429,5d40ffe372b0c94d00f6c1f0,2,1100,550.0,4.039,1559.0,5.35,5.0,-4.0,-4.0,109.0,1.0,50.0
430,5a9e3a01ccf0c80c2d372870,2,1100,550.0,4.054,9857.0,5.33,5.0,-6.0,-6.5,131.0,1.0,50.0
431,556425de56aea60ea1d17778,2,1100,550.0,4.094,11401.0,7.0,28.5,40.0,40.0,69.0,1.0,50.0
432,5808e2beff6c57435af7df2d,2,1100,550.0,4.189,2707.0,4.43,4.5,2.0,1.5,101.0,,
433,583658e928f25754106ae102,2,1100,550.0,4.234,15551.0,14.0,95.5,86.0,85.5,115.0,1.0,50.0
434,556d68d19fb8ca1a0c4d82ee,2,1100,550.0,4.253,104269.0,11.5,87.5,88.0,87.5,375.0,,
435,5b29ff427752c84390ed6ecf,2,1050,525.0,4.003,4773.0,8.5,59.0,85.0,85.0,25.0,1.0,50.0
436,584426309b0f754de95d6b50,1,1000,1000.0,3.583,3809.0,5.0,22.0,78.0,78.0,395.0,,
437,51aff6a38e221e2cafcdc0cb,1,1000,1000.0,3.59,82219.0,9.0,9.0,0.0,0.0,300.0,,
438,5d3d857c0ff7f937558c4dd1,1,1000,1000.0,3.626,265.0,3.87,4.0,4.0,4.0,62.0,1.0,100.0
439,5d45349676befe65691dcfbb,1,1000,1000.0,3.681,342.0,12.0,11.0,-9.0,-9.0,286.0,,
440,5d57d3a9cf65030dc331b0b2,1,1000,1000.0,3.683,104.0,11.0,75.0,86.0,86.0,70.0,,
441,5d44f6c68388973d77042d83,1,1000,1000.0,3.703,626.0,11.0,83.0,87.0,87.0,118.0,,
442,5695ee973fa51e32deafd9c9,1,1000,1000.0,3.741,42514.0,8.0,18.0,56.0,56.0,158.0,,
443,5b6ec2f2838d931d2fbf7a28,1,1000,1000.0,3.749,6632.0,9.0,48.0,82.0,82.0,135.0,,
444,553c93bcd57a0156022b1598,1,1000,1000.0,3.761,18762.0,19.0,17.0,-11.0,-11.0,255.0,,
445,5ba0fe4673d934503a6cb6ad,1,1000,1000.0,3.766,667.0,11.0,11.0,0.0,0.0,223.0,1.0,100.0
446,5dcb9bb2997e90092d624499,1,1000,1000.0,3.766,821.0,8.0,7.0,-14.0,-14.0,294.0,,
447,5b17df3f012875082bc82048,1,1000,1000.0,3.768,2078.0,11.0,22.0,50.0,50.0,129.0,,
448,559f4066577ce11970f7f7fa,1,1000,1000.0,3.79,21842.0,4.86,8.0,40.0,40.0,115.0,,
449,5d4e91681d9a8e1fcc2fefba,1,1000,1000.0,3.794,383.0,6.0,30.0,80.0,80.0,325.0,,
450,5d46751876befe56001de246,1,1000,1000.0,3.811,1685.0,7.0,6.0,-16.0,-16.0,46.0,,
451,57d67d2bb1adb8102d39f90f,1,1000,1000.0,3.817,8362.0,11.0,11.0,0.0,0.0,131.0,,
452,56a6d6f9cc46da0df30dd801,1,1000,1000.0,3.82,4924.0,12.0,11.0,-9.0,-9.0,181.0,,
453,5b8a0074f2858d1c8a032c5a,1,1000,1000.0,3.829,738.0,8.0,7.0,-14.0,-14.0,62.0,,
454,57b1288be4830507cc9f586a,1,1000,1000.0,3.842,1733.0,11.0,10.0,-10.0,-10.0,410.0,,
455,5a2bc05fddda8c49398c52fe,1,1000,1000.0,3.845,670.0,6.0,6.0,0.0,0.0,134.0,,
456,57878a7316b28907b9b50131,1,1000,1000.0,3.855,15812.0,6.0,22.0,73.0,73.0,47.0,1.0,100.0
457,5440df5815133758cf40f1e3,1,1000,1000.0,3.855,15407.0,12.0,85.0,86.0,86.0,137.0,,
458,582b156ff6872e749e4d1ad4,1,1000,1000.0,3.857,13814.0,9.0,8.0,-12.0,-12.0,81.0,,
459,5684ca0f73c0e02989b91cad,1,1000,1000.0,3.858,8197.0,1.0,11.0,91.0,91.0,5.0,,
460,59a54d5eae228e4f11e9c5e0,1,1000,1000.0,3.861,2397.0,12.0,11.0,-9.0,-9.0,928.0,,
461,579f12b73087c40f57abcd3d,1,1000,1000.0,3.864,3727.0,12.0,11.0,-9.0,-9.0,398.0,,
462,57a09a5649c29a34cf282715,1,1000,1000.0,3.876,8433.0,8.0,42.0,81.0,81.0,409.0,,
463,55c89dc93a698c6010edccc4,1,1000,1000.0,3.877,13309.0,6.0,56.0,90.0,90.0,938.0,,
464,589e67aa3205e17175ced38e,1,1000,1000.0,3.878,16085.0,11.0,159.0,94.0,94.0,585.0,,
465,5d3be81670327a1a4ffce08e,1,1000,1000.0,3.883,2072.0,3.9,5.0,22.0,22.0,57.0,1.0,100.0
466,56d572b08ec6660796b65705,1,1000,1000.0,3.885,21012.0,8.0,9.0,12.0,12.0,45.0,,
467,56efff5017777d430c47b78e,1,1000,1000.0,3.892,870.0,12.0,11.0,-9.0,-9.0,646.0,,
468,57a1ac972b6fb2282425b585,1,1000,1000.0,3.893,466.0,8.0,7.0,-14.0,-14.0,152.0,,
469,56ebb573e652e91f9ca6a674,1,1000,1000.0,3.894,11354.0,15.0,13.0,-15.0,-15.0,854.0,,
470,586e70187e94384d6fc17f14,1,1000,1000.0,3.894,28694.0,9.0,9.0,0.0,0.0,238.0,,
471,5a20c64d8cf0ed4d57d60471,1,1000,1000.0,3.895,3668.0,11.0,10.0,-10.0,-10.0,85.0,,
472,59f5481068788b25d0a84068,1,1000,1000.0,3.896,1403.0,11.0,10.0,-10.0,-10.0,113.0,,
473,5dde67d7801ecf6d4c385348,1,1000,1000.0,3.896,433.0,11.0,10.0,-10.0,-10.0,299.0,,
474,58d4832721ad9176d0d3d00f,1,1000,1000.0,3.897,3743.0,16.0,59.0,73.0,73.0,222.0,,
475,565c1b173a698c769e2be15d,1,1000,1000.0,3.9,4072.0,8.0,25.0,68.0,68.0,220.0,,
476,5b21e84a43b3b67a3089b10d,1,1000,1000.0,3.901,892.0,8.0,17.0,53.0,53.0,288.0,,
477,564b2fb5c126a0127af8441e,1,1000,1000.0,3.905,10320.0,5.0,5.0,0.0,0.0,102.0,1.0,100.0
478,58d765d6da2852536d7a3fa9,1,1000,1000.0,3.907,1722.0,9.0,8.0,-12.0,-12.0,248.0,,
479,57d64f7bcafd22102c3a5fc2,1,1000,1000.0,3.91,3119.0,2.0,56.0,97.0,97.0,41.0,,
480,575a9d8d6813ab5ceeb09521,1,1000,1000.0,3.912,4136.0,8.0,72.0,89.0,89.0,153.0,,
481,5d43cda683889748193da7c0,1,1000,1000.0,3.931,331.0,7.0,6.0,-16.0,-16.0,68.0,,
482,5d5a1171560eca427bf10acb,1,1000,1000.0,3.932,543.0,11.0,10.0,-10.0,-10.0,212.0,,
483,5b99f68520019041167b0b74,1,1000,1000.0,3.936,17738.0,6.0,6.0,0.0,0.0,352.0,,
484,5489a2fe546ead1ec9215829,1,1000,1000.0,3.939,905.0,8.0,34.0,77.0,77.0,429.0,,
485,56cd7070df108f481ff3e00e,1,1000,1000.0,3.94,16527.0,9.0,9.0,0.0,0.0,129.0,,
486,5de7a6aa4c9c821f67c14ac3,1,1000,1000.0,3.942,171.0,13.0,19.0,32.0,32.0,151.0,1.0,100.0
487,5d5b651b283abc16408fff54,1,1000,1000.0,3.942,365.0,1.68,2.0,16.0,16.0,51.0,1.0,100.0
488,58fcdd56cdb8e24565cc017e,1,1000,1000.0,3.949,1335.0,15.0,25.0,40.0,40.0,408.0,,
489,55f982b029624842ab599cc3,1,1000,1000.0,3.95,2685.0,6.0,7.0,15.0,15.0,258.0,1.0,100.0
490,56961502ca1588618ca6d5fe,1,1000,1000.0,3.951,14780.0,8.0,252.0,97.0,97.0,161.0,,
491,5e8544bfd69a0ea72d39bc31,1,1000,1000.0,3.959,193.0,2.69,3.0,11.0,11.0,74.0,,
492,583998c51591454a04a79709,1,1000,1000.0,3.96,40457.0,14.0,12.0,-16.0,-16.0,548.0,1.0,100.0
493,5b125148c2586910aba903d6,1,1000,1000.0,3.965,16757.0,7.0,6.0,-16.0,-16.0,601.0,,
494,5a031e9c9aee09542077d074,1,1000,1000.0,3.967,12763.0,7.0,50.0,86.0,86.0,408.0,1.0,100.0
495,5857e83a1e95514d46b046dd,1,1000,1000.0,3.97,6457.0,6.0,23.0,74.0,74.0,251.0,,
496,59b0dcac50df61071d239b12,1,1000,1000.0,3.973,1653.0,8.0,7.0,-14.0,-14.0,161.0,,
497,5b8d343e133368366f2dff48,1,1000,1000.0,3.979,3670.0,13.0,11.0,-18.0,-18.0,487.0,,
498,57ee6909567a8d101913df98,1,1000,1000.0,3.979,18831.0,12.0,11.0,-9.0,-9.0,428.0,1.0,100.0
499,58d3828699637874f89eb45a,1,1000,1000.0,3.982,33303.0,11.0,21.0,48.0,48.0,545.0,1.0,100.0
500,5819d0d196f2cc7dffad41ec,1,1000,1000.0,3.983,1012.0,3.81,4.0,5.0,5.0,101.0,,
501,5b6935c0a1fdaa1dba5a4cd4,1,1000,1000.0,3.984,5807.0,8.0,17.0,53.0,53.0,426.0,,
502,5b164e4c7e43f2326c3e3931,1,1000,1000.0,3.985,6731.0,7.0,43.0,84.0,84.0,130.0,1.0,100.0
503,5b4d6eb88a5b7b24519e69ad,1,1000,1000.0,3.989,5422.0,8.0,49.0,84.0,84.0,154.0,1.0,100.0
504,545dab9f5f313f1e28cb1a2f,1,1000,1000.0,3.993,9308.0,5.86,5.0,-17.0,-17.0,150.0,,
505,5700e2be27992f63cdca2dca,1,1000,1000.0,3.995,8484.0,5.0,8.0,38.0,38.0,31.0,1.0,100.0
506,547465748edcfa6ceab14f70,1,1000,1000.0,4.004,73119.0,11.0,10.0,-10.0,-10.0,221.0,1.0,100.0
507,59a6cc4b21064f78b1bef62f,1,1000,1000.0,4.006,5226.0,8.0,8.0,0.0,0.0,668.0,1.0,100.0
508,5466fad41280fa5ca27ba85d,1,1000,1000.0,4.007,10264.0,14.0,12.0,-16.0,-16.0,475.0,,
509,56effd3864d54a58a619bdb1,1,1000,1000.0,4.008,639.0,12.0,31.0,62.0,62.0,344.0,1.0,100.0
510,5466e6343dabbe66ab062be8,1,1000,1000.0,4.014,4622.0,14.0,51.0,73.0,73.0,445.0,,
511,5514d13ce87fd21cf12f9d0b,1,1000,1000.0,4.014,21226.0,8.0,7.0,-14.0,-14.0,605.0,,
512,55419b79439bb51755098f63,1,1000,1000.0,4.015,9002.0,11.0,11.0,0.0,0.0,217.0,,
513,584ae0173961b64ca9b426b1,1,1000,1000.0,4.017,4233.0,6.0,22.0,73.0,73.0,518.0,1.0,100.0
514,580f361ff6978b4fdba4b112,1,1000,1000.0,4.019,1281.0,2.8,3.0,7.0,7.0,78.0,,
515,5b8e19ad9058ed22fdc30621,1,1000,1000.0,4.028,6246.0,5.67,6.0,6.0,6.0,245.0,,
516,5af54e838699ce1143d1f876,1,1000,1000.0,4.031,2464.0,6.0,140.0,96.0,96.0,538.0,,
517,5d42991670327a71301ec76e,1,1000,1000.0,4.036,1055.0,2.0,2.0,0.0,0.0,143.0,,
518,53e98c6446188e1d4d3a38bd,1,1000,1000.0,4.041,4230.0,1.8,2.0,10.0,10.0,76.0,,
519,58501ab6ff3da74c89f8927f,1,1000,1000.0,4.044,11078.0,5.0,5.0,0.0,0.0,279.0,,
520,58c2318d3f49634886892d7c,1,1000,1000.0,4.045,10436.0,5.0,5.0,0.0,0.0,94.0,,
521,597eda458696be7dab480a44,1,1000,1000.0,4.047,1990.0,12.0,11.0,-9.0,-9.0,899.0,,
522,5dc69ae4c4e6e61846dfc2b4,1,1000,1000.0,4.055,550.0,5.65,5.0,-13.0,-13.0,108.0,,
523,5ad16178db5f1f07107a5401,1,1000,1000.0,4.057,3950.0,8.0,7.0,-14.0,-14.0,124.0,1.0,100.0
524,557ac6650a43e41ba218240a,1,1000,1000.0,4.058,45372.0,4.68,25.0,82.0,82.0,127.0,,
525,58748c070e230b22a1ab5bc2,1,1000,1000.0,4.061,1369.0,7.0,6.0,-16.0,-16.0,442.0,1.0,100.0
526,5ad1f14d40626a47903fe9df,1,1000,1000.0,4.064,2377.0,11.0,10.0,-10.0,-10.0,215.0,,
527,583edf165022c71b82d1d6c7,1,1000,1000.0,4.064,4048.0,13.0,13.0,0.0,0.0,332.0,1.0,100.0
528,59b38b9d0ec30f3dcde27914,1,1000,1000.0,4.065,4434.0,8.0,7.0,-14.0,-14.0,378.0,,
529,54d30f53dc8ce133f79b434d,1,1000,1000.0,4.066,44837.0,5.65,6.0,6.0,6.0,217.0,,
530,58285d7f168b5430c5090ab8,1,1000,1000.0,4.072,1663.0,5.82,58.0,90.0,90.0,623.0,,
531,5948c9761f2f0f2efb675fa4,1,1000,1000.0,4.072,6623.0,8.0,7.0,-14.0,-14.0,111.0,1.0,100.0
532,5eb8cf5429e78638f27379f5,1,1000,1000.0,4.075,161.0,5.69,10.0,44.0,44.0,76.0,,
533,544e3da38edcfa4c456f6181,1,1000,1000.0,4.078,6300.0,11.0,10.0,-10.0,-10.0,100.0,,
534,56c30460d7e2821146329f82,1,1000,1000.0,4.079,9651.0,3.71,6.0,39.0,39.0,181.0,,
535,5858d328e18c0f7603a08e1f,1,1000,1000.0,4.08,72885.0,3.0,5.0,40.0,40.0,327.0,1.0,100.0
536,585a45a3ef562825c60e0c71,1,1000,1000.0,4.08,2867.0,8.0,30.0,74.0,74.0,65.0,1.0,100.0
537,57108cd6a995b507211ef8fb,1,1000,1000.0,4.086,9136.0,13.0,50.0,74.0,74.0,855.0,,
538,5aec1dd2c96bb815b802df67,1,1000,1000.0,4.09,1761.0,8.0,8.0,0.0,0.0,187.0,1.0,100.0
539,57f7b4a3bc506d1e56530cdd,1,1000,1000.0,4.092,2505.0,6.0,9.0,34.0,34.0,471.0,,
540,55d480c092e9ba1242bd816a,1,1000,1000.0,4.095,15948.0,5.0,5.0,0.0,0.0,252.0,1.0,100.0
541,55e51e53c9f8235d17759948,1,1000,1000.0,4.098,541.0,22.0,159.0,87.0,87.0,235.0,,
542,5b6bb6d7790f1a0d8a416c03,1,1000,1000.0,4.101,6256.0,13.0,43.0,70.0,70.0,65.0,1.0,100.0
543,5938e6a17fe241506f93503b,1,1000,1000.0,4.11,3804.0,3.76,4.0,6.0,6.0,95.0,,
544,596636724b913a6954556581,1,1000,1000.0,4.115,28101.0,8.0,7.0,-14.0,-14.0,650.0,,
545,58aea6fe15241651ee65307b,1,1000,1000.0,4.12,543.0,2.0,6.0,67.0,67.0,121.0,,
546,5d3c419de4b65d4fb81e7286,1,1000,1000.0,4.124,557.0,1.91,6.0,69.0,69.0,141.0,,
547,5cd6743c8da3ad22253d937f,1,1000,1000.0,4.126,2745.0,8.0,7.0,-14.0,-14.0,267.0,1.0,100.0
548,589eb1c33205e17175cee2ee,1,1000,1000.0,4.127,3117.0,3.87,4.0,4.0,4.0,94.0,,
549,5864730562a1e84ca10df658,1,1000,1000.0,4.132,6364.0,11.0,10.0,-10.0,-10.0,483.0,,
550,5b08f027c2586968afffb44f,1,1000,1000.0,4.136,5880.0,11.0,17.0,36.0,36.0,462.0,1.0,100.0
551,56cc2ea09879a4136344cf49,1,1000,1000.0,4.137,7348.0,8.0,7.0,-14.0,-14.0,120.0,,
552,590eda48f3d19c203c2648e4,1,1000,1000.0,4.141,6460.0,11.0,84.0,87.0,87.0,792.0,,
553,5a3ccf7f028bbd773f938596,1,1000,1000.0,4.142,19760.0,8.0,51.0,85.0,85.0,256.0,,
554,5a0d2c3e68788b4400878642,1,1000,1000.0,4.143,14442.0,9.0,57.0,85.0,85.0,146.0,,
555,5b420ce3d9b2a4418b74ae31,1,1000,1000.0,4.146,2116.0,18.0,16.0,-12.0,-12.0,477.0,1.0,100.0
556,5b7ecbfa7956ef54b750df16,1,1000,1000.0,4.147,9341.0,22.0,169.0,87.0,87.0,542.0,1.0,100.0
557,5e6910549145adc9f7972fac,1,1000,1000.0,4.149,114.0,13.0,33.0,61.0,61.0,122.0,,
558,5a54add17dee4a20b31ef567,1,1000,1000.0,4.149,6343.0,11.0,76.0,86.0,86.0,364.0,,
559,5853765779b45e0b58ad30f4,1,1000,1000.0,4.153,30643.0,7.0,9.0,23.0,23.0,219.0,1.0,100.0
560,586fbd8b8c30e82bdcce557d,1,1000,1000.0,4.155,5914.0,6.0,6.0,0.0,0.0,362.0,1.0,100.0
561,5acecb61417cee2b9d27f88a,1,1000,1000.0,4.158,2610.0,5.0,5.0,0.0,0.0,197.0,,
562,53df1a1046188e7ac043c6da,1,1000,1000.0,4.16,5048.0,19.0,26.0,27.0,27.0,205.0,,
563,582bd2fde18c0f0a402ba101,1,1000,1000.0,4.16,29044.0,15.0,101.0,86.0,86.0,646.0,,
564,5accadccc98949438a3729a2,1,1000,1000.0,4.161,1837.0,12.0,17.0,30.0,30.0,230.0,,
565,58cbc85cad83385080a3cf94,1,1000,1000.0,4.165,32715.0,11.0,10.0,-10.0,-10.0,101.0,,
566,595df09dd44a9b53910f4e2b,1,1000,1000.0,4.166,8043.0,9.0,31.0,71.0,71.0,317.0,,
567,58cf7224712870506c44edd9,1,1000,1000.0,4.171,3218.0,6.0,8.0,25.0,25.0,523.0,1.0,100.0
568,5a4df4937ce75c31079ba413,1,1000,1000.0,4.174,17856.0,14.0,102.0,87.0,87.0,197.0,,
569,576b9101ac55bd7f2108992b,1,1000,1000.0,4.179,37375.0,2.72,17.0,85.0,85.0,116.0,,
570,54a2cd4940b3782666e8a5bf,1,1000,1000.0,4.181,4778.0,17.0,75.0,78.0,78.0,479.0,,
571,58539804afa5ec4cae2cdce8,1,1000,1000.0,4.181,816.0,8.0,7.0,-14.0,-14.0,398.0,,
572,59bcfadb776ab96ae984be82,1,1000,1000.0,4.191,9034.0,8.0,22.0,64.0,64.0,638.0,1.0,100.0
573,5787268541b5257c73d0132f,1,1000,1000.0,4.193,14974.0,8.0,9.0,12.0,12.0,621.0,,
574,5b0a6169012875789c76ebba,1,1000,1000.0,4.198,2510.0,6.0,6.0,0.0,0.0,170.0,,
575,590d6c356815062709f1b06c,1,1000,1000.0,4.204,941.0,7.0,6.0,-16.0,-16.0,129.0,1.0,100.0
576,5950d54a4b913a1174a7ae6d,1,1000,1000.0,4.209,2212.0,8.0,30.0,74.0,74.0,270.0,1.0,100.0
577,5d4cf83dc8bc520142c8534f,1,1000,1000.0,4.21,706.0,5.75,25.0,77.0,77.0,117.0,,
578,5ba9af0fef66004cac1013f7,1,1000,1000.0,4.212,2495.0,12.0,102.0,89.0,89.0,206.0,,
579,58cf8bc8375c92523736b540,1,1000,1000.0,4.213,47639.0,11.0,24.0,55.0,55.0,154.0,1.0,100.0
580,5a4b4ab27dee4a057cca7429,1,1000,1000.0,4.215,11597.0,11.0,68.0,84.0,84.0,211.0,,
581,5810c45baf5d3c19670b3f9a,1,1000,1000.0,4.217,8352.0,8.0,7.0,-14.0,-14.0,558.0,,
582,5accdb3c1baafe6febd26cf3,1,1000,1000.0,4.22,6570.0,5.77,16.0,64.0,64.0,687.0,,
583,570cfe55a18a3f4630d18c02,1,1000,1000.0,4.223,1178.0,14.0,12.0,-16.0,-16.0,429.0,1.0,100.0
584,58c14b3e98d70751f799bc3f,1,1000,1000.0,4.229,3533.0,15.0,13.0,-15.0,-15.0,497.0,1.0,100.0
585,5a0fe8770a332a615df86c5e,1,1000,1000.0,4.229,4298.0,9.0,9.0,0.0,0.0,216.0,,
586,595f3d28ce4e69232af53c32,1,1000,1000.0,4.238,12322.0,16.0,26.0,39.0,39.0,450.0,,
587,58ad365fb3bd6d507b06db0f,1,1000,1000.0,4.241,15540.0,12.0,93.0,88.0,88.0,534.0,1.0,100.0
588,58475ecf5eee8869e4ad9a07,1,1000,1000.0,4.243,3709.0,5.71,13.0,57.0,57.0,317.0,,
589,5af25671e139d756e4f0afbe,1,1000,1000.0,4.246,8404.0,9.0,84.0,90.0,90.0,420.0,1.0,100.0
590,5aad329608a224392d805720,1,1000,1000.0,4.254,1038.0,15.0,13.0,-15.0,-15.0,277.0,,
591,5853b96be788110ac30168b9,1,1000,1000.0,4.254,6033.0,16.0,14.0,-14.0,-14.0,552.0,,
592,566a3ef17233ff2686443082,1,1000,1000.0,4.257,25752.0,8.0,7.0,-14.0,-14.0,843.0,,
593,5ae0213bb722cf61f1aa3624,1,1000,1000.0,4.26,2992.0,8.0,11.0,28.0,28.0,153.0,1.0,100.0
594,582ff94e0d44631042fe7c41,1,1000,1000.0,4.261,14298.0,8.0,7.0,-14.0,-14.0,439.0,,
595,5bbf00e6c5fdec1c0e0d401d,1,1000,1000.0,4.264,904.0,5.86,11.0,47.0,47.0,512.0,1.0,100.0
596,55dc6b85f51bf838d3e3dcc2,1,1000,1000.0,4.265,62240.0,14.0,86.0,84.0,84.0,546.0,1.0,100.0
597,5a40bd3812fa1c2c21498ea7,1,1000,1000.0,4.279,3396.0,5.73,5.0,-14.0,-14.0,182.0,,
598,58d9f311fe9cae52ce0213ec,1,1000,1000.0,4.279,6383.0,11.0,14.0,22.0,22.0,651.0,1.0,100.0
599,58a3f270e269ee522580e6bb,1,1000,1000.0,4.296,99800.0,14.0,12.0,-16.0,-16.0,176.0,,
600,587dcb1b6fa68c4caba87529,1,1000,1000.0,4.298,794.0,9.0,8.0,-12.0,-12.0,192.0,,
601,5d3bc9f8e13a7e654424a4cb,1,1000,1000.0,4.306,173.0,8.0,11.0,28.0,28.0,127.0,1.0,100.0
602,59c25e6a30e1f368ea189232,1,1000,1000.0,4.308,4084.0,24.0,59.0,60.0,60.0,762.0,,
603,57383b023a698c3a936ce406,1,1000,1000.0,4.316,2946.0,7.0,49.0,86.0,86.0,194.0,1.0,100.0
604,5873347af1f65d4d61b69b1a,1,1000,1000.0,4.319,791.0,3.84,4.0,4.0,4.0,55.0,,
605,58778fdcdfa6bc28858f3422,1,1000,1000.0,4.324,10963.0,7.0,6.0,-16.0,-16.0,144.0,,
606,5b8deaae2eb51f6d30ff9a3d,1,1000,1000.0,4.332,4425.0,7.0,6.0,-16.0,-16.0,207.0,1.0,100.0
607,5b66b2f303523d3caa84aed5,1,1000,1000.0,4.334,895.0,11.0,85.0,88.0,88.0,454.0,1.0,100.0
608,57a155a4b63950286426744f,1,1000,1000.0,4.337,3403.0,8.0,48.0,84.0,84.0,794.0,,
609,54922e98223ebf6980220266,1,1000,1000.0,4.337,44840.0,12.0,72.0,84.0,84.0,566.0,,
610,586c683cc87b4c4f84b6b4de,1,1000,1000.0,4.349,2996.0,6.0,6.0,0.0,0.0,505.0,,
611,5528e6afecb5250bffe81ef7,1,1000,1000.0,4.35,32318.0,3.72,11.0,67.0,67.0,178.0,,
612,583bdad32f5e5304a69d5bd3,1,1000,1000.0,4.352,1428.0,6.0,6.0,0.0,0.0,330.0,,
613,5b41be818e210d22facca0bd,1,1000,1000.0,4.357,13909.0,5.0,5.0,0.0,0.0,166.0,,
614,5885a7e767f7c84d7657d220,1,1000,1000.0,4.38,27740.0,9.0,38.0,77.0,77.0,312.0,1.0,100.0
615,585cc05eaf0e9d52046c895d,1,1000,1000.0,4.38,17922.0,11.0,10.0,-10.0,-10.0,413.0,,
616,555bf637b0213719da7229df,1,1000,1000.0,4.383,6275.0,8.0,38.0,79.0,79.0,196.0,1.0,100.0
617,5bdc1408c23b3222e81f3936,1,1000,1000.0,4.393,15221.0,1.66,2.0,17.0,17.0,33.0,,
618,5b80fee2008a3e2f6ec81563,1,1000,1000.0,4.417,3439.0,6.0,22.0,73.0,73.0,201.0,1.0,100.0
619,551506dc18b2791039a7286d,1,1000,1000.0,4.42,1370.0,13.0,72.0,82.0,82.0,326.0,,
620,592968ba63950d682ca4b195,1,1000,1000.0,4.423,2904.0,5.0,5.0,0.0,0.0,377.0,,
621,56cd50871e15ff78c21de8a9,5,500,100.0,3.956,1047.0,3.81,3.6,3.0,3.2,33.0,2.0,40.0
622,583da4b58108913e6c79a32e,6,500,83.0,4.069,2782.0,6.14,7.33,22.0,22.33,29.0,3.0,50.0
623,5e4bb29957cc9b46d2e498f7,4,400,100.0,3.802,111.0,7.5,10.0,30.0,30.0,11.0,2.0,50.0
624,5b47ffa01e5bc91f3eea4f1f,4,400,100.0,3.975,366.0,7.0,6.5,-4.0,-4.5,9.0,2.0,50.0
625,5aea8f2ccac3c5238de1a99c,4,400,100.0,4.144,1160.0,9.0,31.5,64.0,64.0,38.0,2.0,50.0
626,5eb51ed929e7865dc268a561,5,350,70.0,3.874,127.0,7.2,8.4,12.0,12.0,4.0,3.0,60.0
627,5dc40e313710b91b0f04fcc5,3,300,100.0,3.625,112.0,6.0,6.0,0.0,0.0,5.0,1.0,33.0
628,5d3da852e4b65d3e801e9b5d,3,300,100.0,3.732,168.0,11.0,10.0,-10.0,-10.0,45.0,2.0,67.0
629,5a698cef028bbd27227d3d12,3,300,100.0,3.884,1050.0,3.0,3.0,0.0,0.0,58.0,2.0,67.0
630,584a7a381591451e4e3af3df,3,300,100.0,3.988,4080.0,9.67,25.33,62.0,62.33,55.0,2.0,67.0
631,580c7d0a8b67fa197454a2d1,3,300,100.0,4.041,4705.0,6.0,6.0,0.0,0.0,27.0,1.0,33.0
632,596b4085d4cc34162e778769,3,300,100.0,4.049,9940.0,13.67,101.0,85.0,85.33,29.0,1.0,33.0
633,5d8b2f16ddac8e198fc7c8b7,3,300,100.0,4.155,483.0,7.0,6.0,-16.0,-16.0,25.0,1.0,33.0
634,5df71a34092d7302140be245,3,300,100.0,4.156,885.0,9.24,8.33,-11.0,-11.33,11.0,1.0,33.0
635,5710ac98b2d43a5925da8dd8,3,300,100.0,4.168,4856.0,3.33,8.33,57.0,57.0,33.0,,
636,5eb6598ec43e5c5ab9fd5a78,4,300,75.0,3.791,129.0,8.0,8.5,3.0,3.0,9.0,2.0,50.0
637,5e4f6a3a29e786346774bcce,4,300,75.0,4.036,28.0,4.5,4.5,0.0,0.0,3.0,2.0,50.0
638,5eb50ff17041111c43033565,3,250,83.0,3.545,211.0,8.0,7.0,-14.0,-14.0,6.0,1.0,33.0
639,5e4a06cb57cc9b1700e826b3,2,200,100.0,3.186,43.0,8.0,26.0,70.0,70.0,14.0,1.0,50.0
640,5e54a05c207f9d3e6cee7040,2,200,100.0,3.188,32.0,7.0,26.0,74.0,74.0,10.0,,
641,5dd790db4cc6678b7441ba5d,2,200,100.0,3.382,364.0,11.0,10.0,-10.0,-10.0,45.0,1.0,50.0
642,5e61e5580705ac039c94c08f,2,200,100.0,3.409,359.0,3.7,47.0,93.0,93.0,11.0,1.0,50.0
643,56498ab42a6bdb4474afa47b,2,200,100.0,3.535,1472.0,9.0,34.0,74.0,74.0,28.0,1.0,50.0
644,5d4e6ca57edfad27a90a6726,2,200,100.0,3.581,31.0,8.0,11.0,28.0,28.0,21.0,1.0,50.0
645,5d50fb2b1d9a8e23e3334c81,2,200,100.0,3.659,138.0,8.0,26.0,70.0,70.0,13.0,1.0,50.0
646,5e9a629b29e786250230ba90,2,200,100.0,3.667,18.0,11.0,16.0,32.0,32.0,12.0,1.0,50.0
647,5b0cd8577e43f257d4a05469,2,200,100.0,3.708,1279.0,11.0,17.0,36.0,36.0,3.0,1.0,50.0
648,5e693079c6a6e679c0bf4613,2,200,100.0,3.766,231.0,8.0,59.0,87.0,87.0,114.0,1.0,50.0
649,5d56b32c40defd78043d5af9,2,200,100.0,3.774,31.0,13.0,11.0,-18.0,-18.0,2.0,1.0,50.0
650,5eb5076129e786048168034d,2,200,100.0,3.786,117.0,8.0,10.0,20.0,20.0,6.0,1.0,50.0
651,5a792e56a71fbf471cf1fc99,2,200,100.0,3.833,5846.0,8.0,51.0,85.0,85.0,31.0,,
652,52838e612dcc6469fa2d7104,2,200,100.0,3.84,16215.0,5.0,30.0,84.0,84.0,13.0,1.0,50.0
653,5e183869e344ec006fdaa805,2,200,100.0,3.855,131.0,17.0,108.0,85.0,84.5,50.0,,
654,5ac82ff62c49567ffa616535,2,200,100.0,3.855,435.0,11.0,84.0,87.0,87.0,18.0,,
655,58ff26fc42fc6a113afae083,2,200,100.0,3.878,9078.0,10.0,64.0,85.0,84.5,34.0,1.0,50.0
656,5d9f24a451a4ed72d95bac9c,2,200,100.0,3.883,239.0,8.0,65.0,88.0,88.0,29.0,1.0,50.0
657,5d3e6e0ce13a7e7ae9f35f74,2,200,100.0,3.894,104.0,9.0,8.0,-12.0,-12.0,27.0,1.0,50.0
658,5b348167af6b3122dba38825,2,200,100.0,3.916,8996.0,5.77,5.0,-15.0,-15.0,4.0,1.0,50.0
659,577f79f928d95d5777eac030,2,200,100.0,3.935,3060.0,7.0,6.0,-16.0,-16.0,22.0,1.0,50.0
660,55dc2bf3b92a5941ebd4ecf2,2,200,100.0,3.948,3237.0,10.5,46.5,78.0,77.5,32.0,,
661,55ed4e573a698c3a9daa8b2b,2,200,100.0,3.951,16099.0,6.92,13.5,32.0,32.0,34.0,,
662,58a3db5e05b2f9716d029e30,2,200,100.0,3.968,16487.0,11.0,10.0,-10.0,-10.0,22.0,1.0,50.0
663,5a9e4f25e05388149703d9c8,2,200,100.0,3.971,9703.0,9.0,8.0,-13.0,-13.0,20.0,,
664,56cd27b048e91e13aa3986e4,2,200,100.0,3.984,3515.0,6.0,8.0,25.0,25.0,13.0,1.0,50.0
665,56ab21890d8dad10e044b9ec,2,200,100.0,3.991,8225.0,2.0,10.0,80.0,80.0,10.0,1.0,50.0
666,566e97ca39cce4269637a261,2,200,100.0,4.03,2166.0,15.0,13.0,-15.0,-15.0,56.0,1.0,50.0
667,58da49c92c3a8f52a755d4a0,2,200,100.0,4.035,26951.0,2.0,2.0,0.0,0.0,9.0,1.0,50.0
668,5eba4bab58ed6ba265685ba1,2,200,100.0,4.041,123.0,8.0,10.0,20.0,20.0,58.0,1.0,50.0
669,5e8ad4c829e7860d8e20b40c,2,200,100.0,4.048,21.0,13.0,11.0,-18.0,-18.0,26.0,1.0,50.0
670,5e50e6b968f8f90ec04531bf,2,200,100.0,4.069,189.0,3.94,8.0,51.0,51.0,21.0,1.0,50.0
671,593402ae25c4f54ed4e0abdf,2,200,100.0,4.072,1926.0,11.0,134.0,92.0,92.0,28.0,1.0,50.0
672,568b82677f5cdb26abff2f9a,2,200,100.0,4.078,22615.0,4.0,4.0,0.0,0.0,21.0,1.0,50.0
673,583141fbfef4094e51453d9b,2,200,100.0,4.079,7497.0,4.67,4.0,-16.0,-16.0,82.0,1.0,50.0
674,57187da6f24dd9593ccc886a,2,200,100.0,4.09,43876.0,5.0,48.0,90.0,90.0,30.0,1.0,50.0
675,5844fc74f521924c9b5148f3,2,200,100.0,4.115,576.0,2.71,3.0,10.0,10.0,12.0,1.0,50.0
676,5b722effbfb77d14812b8c2c,2,200,100.0,4.148,3588.0,16.0,14.0,-14.0,-14.0,11.0,1.0,50.0
677,5b0e27596b9302238a10c3f8,2,200,100.0,4.175,3120.0,11.0,20.0,45.0,45.0,14.0,1.0,50.0
678,5898240369b8584f668a188b,2,200,100.0,4.185,14291.0,12.5,92.5,86.0,85.5,89.0,1.0,50.0
679,59257409b674b15e8191b8de,2,200,100.0,4.216,139607.0,7.0,6.0,-16.0,-16.0,61.0,1.0,50.0
680,5d5108577ad24261ddf720f0,2,200,100.0,4.221,620.0,2.0,2.0,0.0,0.0,34.0,1.0,50.0
681,59506bd1abea9119a059422d,2,200,100.0,4.225,9357.0,5.0,127.0,97.0,97.0,19.0,1.0,50.0
682,58dfa91e42ab0953f96d31d0,2,200,100.0,4.231,360.0,9.5,8.5,-12.0,-12.0,17.0,,
683,57885a8c090d40723d2105e3,2,200,100.0,4.258,4595.0,2.8,3.0,7.0,7.0,6.0,1.0,50.0
684,5ae2d62f2c49564f1df9bbd1,2,200,100.0,4.277,5070.0,11.0,10.0,-10.0,-10.0,98.0,,
685,56c2e30edf108f11548c6dcb,2,200,100.0,4.291,38100.0,3.0,3.0,0.0,0.0,12.0,1.0,50.0
686,550ab2be8e8def0b2c654d4b,2,200,100.0,4.318,6126.0,8.0,7.0,-14.0,-14.0,21.0,1.0,50.0
687,5e5f6272d0e9af054214467e,2,200,100.0,4.333,6.0,4.81,5.0,4.0,4.0,0.0,1.0,50.0
688,5700b51a0848f73d19d10cbb,2,200,100.0,4.361,7197.0,11.0,47.0,77.0,77.0,23.0,1.0,50.0
689,58402f95e24c5b06c6dccd35,2,200,100.0,4.368,619.0,8.0,7.0,-14.0,-14.0,3.0,1.0,50.0
690,583beacf24b24f1b805ff7a2,2,200,100.0,4.39,889.0,8.0,7.0,-14.0,-14.0,28.0,1.0,50.0
691,582ff4f70299bc4f4b90d203,2,200,100.0,4.429,3276.0,13.0,15.0,14.0,14.0,55.0,1.0,50.0
692,58ff6866e17bc0302f540b50,2,200,100.0,4.484,5768.0,8.0,7.0,-14.0,-14.0,11.0,,
693,5e70afae21861a90a4e6b7f0,2,200,100.0,4.5,6.0,12.0,11.0,-9.0,-9.0,0.0,1.0,50.0
694,5e535f1b397cba44cf1118d8,3,150,50.0,3.733,30.0,2.89,7.0,59.0,59.0,1.0,1.0,33.0
695,5dda40561fead208515f98e2,3,150,50.0,3.737,334.0,8.0,7.0,-14.0,-14.0,8.0,1.0,33.0
696,5e3c5fbfe217d492138970c1,3,150,50.0,3.825,57.0,4.83,51.0,91.0,91.0,1.0,2.0,67.0
697,5a2fa9ce6ea4a770c66f5599,3,150,50.0,4.059,1374.0,6.0,7.0,15.0,15.0,3.0,1.0,33.0
698,5d4bbed57ad242352a46d910,3,150,50.0,4.353,34.0,7.0,6.0,-16.0,-16.0,4.0,1.0,33.0
699,5d454f4056a26067881bb903,2,150,75.0,3.892,268.0,3.83,3.5,-8.0,-8.0,8.0,1.0,50.0
700,56c94ae6df108f5af83b1e0f,2,150,75.0,3.943,7248.0,1.93,8.5,78.0,77.5,25.0,2.0,100.0
701,5e72dc545021d6138b405bdc,2,150,75.0,4.185,54.0,11.5,88.5,88.0,87.5,11.0,,
702,5d464a1ffdf7bc44ee933c65,3,120,40.0,3.99,295.0,6.0,48.33,88.0,88.0,5.0,1.0,33.0
703,56a9df1b3a698c526f769805,2,103,52.0,4.252,4150.0,10.0,12.5,25.0,25.0,6.0,,
704,5e8d923d20c9b7545017f1f9,1,100,100.0,2.941,17.0,11.0,50.0,78.0,78.0,9.0,,
705,5e6cb9806bab2075b2b64d15,1,100,100.0,3.0,3.0,12.0,11.0,-9.0,-9.0,1.0,,
706,5e8c98966642021100f8db13,1,100,100.0,3.034,29.0,12.0,75.0,84.0,84.0,28.0,,
707,5e537a4038654d5bb8db71b4,1,100,100.0,3.039,231.0,5.0,5.0,0.0,0.0,6.0,,
708,5e61cd4b97cc101bd3066216,1,100,100.0,3.25,64.0,20.0,17.0,-17.0,-17.0,60.0,,
709,5e64b92e00ff3743cf8f3c3d,1,100,100.0,3.299,67.0,20.0,17.0,-17.0,-17.0,15.0,,
710,5e9c44cdf5b57cfb27118f62,1,100,100.0,3.338,269.0,3.66,26.0,86.0,86.0,10.0,,
711,5dc818ca030a154e48a3a8af,1,100,100.0,3.367,572.0,16.0,14.0,-14.0,-14.0,27.0,,
712,5e675a4b48763f1940d6ab3b,1,100,100.0,3.418,79.0,16.0,22.0,28.0,28.0,72.0,,
713,5dea1af2efc6ec06d5c16dd3,1,100,100.0,3.423,71.0,2.0,4.0,50.0,50.0,30.0,,
714,5e1691b573bfb90406044928,1,100,100.0,3.474,38.0,13.0,11.0,-18.0,-18.0,11.0,,
715,5e0474f81b1677050990d11b,1,100,100.0,3.514,70.0,8.0,76.0,90.0,90.0,11.0,1.0,100.0
716,5c749805a0e25747655033ac,1,100,100.0,3.545,99.0,11.0,10.0,-10.0,-10.0,26.0,,
717,5e536247397cba46c3111a39,1,100,100.0,3.557,88.0,11.0,10.0,-10.0,-10.0,89.0,,
718,5d50f80e3db43e24767edf52,1,100,100.0,3.611,167.0,2.0,25.0,92.0,92.0,58.0,,
719,5dbe8b3a0140ee444c50ec2b,1,100,100.0,3.625,24.0,7.0,6.0,-16.0,-16.0,20.0,,
720,5e50fecf18034a89e1aeede8,1,100,100.0,3.646,99.0,6.0,26.0,77.0,77.0,12.0,1.0,100.0
721,5b0a66907752c8567c3cc671,1,100,100.0,3.651,1078.0,9.0,10.0,10.0,10.0,51.0,,
722,5eb4be68dda5360c58501b42,1,100,100.0,3.683,290.0,8.0,10.0,20.0,20.0,18.0,,
723,5c7dee45a0e257512a5dd7f0,1,100,100.0,3.689,103.0,11.0,10.0,-10.0,-10.0,39.0,,
724,5448789898dc205017838a33,1,100,100.0,3.697,10286.0,11.0,10.0,-10.0,-10.0,4.0,,
725,5d44cb7ea5f07b2d00607909,1,100,100.0,3.708,849.0,14.0,84.0,84.0,84.0,60.0,,
726,5e6d18bceb2b33bdc975950f,1,100,100.0,3.714,49.0,9.0,56.0,84.0,84.0,30.0,,
727,5d463c87c77e983f28b4dfca,1,100,100.0,3.721,104.0,5.79,9.0,36.0,36.0,53.0,,
728,5e3683005ba64b1957b798cc,1,100,100.0,3.762,151.0,14.0,104.0,87.0,87.0,71.0,,
729,5b3b135e38e2640b28a557bb,1,100,100.0,3.773,5595.0,8.0,7.0,-14.0,-14.0,63.0,,
730,5dc682d24b0ae7154300d493,1,100,100.0,3.773,44.0,7.0,6.0,-16.0,-16.0,21.0,,
731,59510a44905fdb0b8266ddc5,1,100,100.0,3.774,3245.0,6.0,11.0,46.0,46.0,35.0,,
732,5d41a75de13a7e2059f79277,1,100,100.0,3.775,111.0,13.0,56.0,77.0,77.0,20.0,,
733,5eba4de229e78603182870c3,1,100,100.0,3.776,116.0,6.0,6.0,0.0,0.0,18.0,,
734,5d5cf8ff2736783681e22991,1,100,100.0,3.779,263.0,7.0,84.0,92.0,92.0,46.0,,
735,5d42980e8388970d32294ddc,1,100,100.0,3.803,330.0,11.0,84.0,87.0,87.0,15.0,1.0,100.0
736,5dcf512a97383300d357ad69,1,100,100.0,3.815,610.0,8.0,7.0,-14.0,-14.0,7.0,,
737,5ddd1355801ecf0a803b6c3a,1,100,100.0,3.827,75.0,7.0,6.0,-16.0,-16.0,18.0,1.0,100.0
738,57ee5f0025e7c00ffe3f000c,1,100,100.0,3.829,37753.0,16.0,18.0,12.0,12.0,69.0,,
739,5d51381f933fb16c06bb9d71,1,100,100.0,3.833,1129.0,5.66,5.0,-13.0,-13.0,27.0,,
740,5d5abf5b33f0b44411c05032,1,100,100.0,3.838,198.0,8.0,7.0,-14.0,-14.0,42.0,,
741,5bdbb9048a83b5678f43462b,1,100,100.0,3.851,897.0,15.0,28.0,47.0,47.0,69.0,,
742,550bed073fca100d87116858,1,100,100.0,3.856,277.0,3.69,53.0,94.0,94.0,11.0,,
743,5609de679b11090d3bafce69,1,100,100.0,3.857,7602.0,7.0,81.0,92.0,92.0,23.0,,
744,58529ee7e788116a53cbe2a9,1,100,100.0,3.864,1022.0,13.0,26.0,50.0,50.0,37.0,,
745,55a641ddfa6d460ba65ce3b8,1,100,100.0,3.871,58154.0,8.0,59.0,87.0,87.0,45.0,,
746,583d7475269aad1da3dc2294,1,100,100.0,3.877,50593.0,8.0,22.0,64.0,64.0,47.0,,
747,583d245d0d44637eb04d1c8f,1,100,100.0,3.89,17612.0,5.0,75.0,94.0,94.0,15.0,1.0,100.0
748,583155a70d446310bcfe9f52,1,100,100.0,3.891,26018.0,5.0,9.0,45.0,45.0,13.0,,
749,5eb8b5ebac21070efaf91c99,1,100,100.0,3.893,224.0,8.0,10.0,20.0,20.0,7.0,,
750,547bfcda3dabbe37af5818b1,1,100,100.0,3.897,2988.0,6.0,6.0,0.0,0.0,15.0,,
751,5eb8e443cefdd67ac09f93ca,1,100,100.0,3.897,107.0,8.0,7.0,-14.0,-14.0,23.0,1.0,100.0
752,58a6f41a96f1bb57840b0ed4,1,100,100.0,3.898,16885.0,14.0,51.0,73.0,73.0,36.0,,
753,5d5e064b560eca4814b2bb74,1,100,100.0,3.899,1373.0,5.72,9.0,37.0,37.0,4.0,,
754,5de7643c8db42003000ba7f1,1,100,100.0,3.902,173.0,8.0,85.0,91.0,91.0,14.0,,
755,5d46ce1a8388976d8c042c39,1,100,100.0,3.909,230.0,14.0,25.0,44.0,44.0,50.0,1.0,100.0
756,58d25a160490dc52e34022e7,1,100,100.0,3.91,35679.0,9.0,84.0,90.0,90.0,82.0,,
757,56680c90e363a3613607ea61,1,100,100.0,3.917,41623.0,7.0,33.0,79.0,79.0,8.0,,
758,5e5dec4430477e47e6838d5d,1,100,100.0,3.918,98.0,5.0,5.0,0.0,0.0,25.0,1.0,100.0
759,55dc3dcd8950c811f73a48a4,1,100,100.0,3.921,16741.0,5.8,8.0,28.0,28.0,6.0,,
760,5b3ed8fa22856f198f7f0a88,1,100,100.0,3.923,1643.0,14.0,12.0,-16.0,-16.0,20.0,1.0,100.0
761,5aacd6c1ccf0c83e5a6f3de0,1,100,100.0,3.929,3897.0,6.0,34.0,83.0,83.0,10.0,,
762,57b17fcc4249277b5ad99206,1,100,100.0,3.931,23161.0,6.0,6.0,0.0,0.0,55.0,,
763,546415e89719cd2ac2e20045,1,100,100.0,3.931,2776.0,6.0,20.0,70.0,70.0,13.0,,
764,5eb50b2237d7ba4abca6250a,1,100,100.0,3.932,88.0,8.0,7.0,-14.0,-14.0,10.0,,
765,58f8681a29867d1118cb0964,1,100,100.0,3.934,1770.0,12.0,11.0,-9.0,-9.0,11.0,,
766,58ef5b480d27561215655a9c,1,100,100.0,3.937,4572.0,4.0,4.0,0.0,0.0,24.0,1.0,100.0
767,5d4a55b21d9a8e4a02843479,1,100,100.0,3.945,613.0,3.81,25.0,85.0,85.0,25.0,,
768,5b8f992a2eb51f465ffd388d,1,100,100.0,3.945,5988.0,9.0,8.0,-12.0,-12.0,8.0,,
769,5684e1234c2cc826ab5ca438,1,100,100.0,3.949,27964.0,11.0,13.0,16.0,16.0,46.0,,
770,5541ba455252290c0b225b1f,1,100,100.0,3.95,27764.0,13.0,25.0,48.0,48.0,79.0,1.0,100.0
771,5b767f37f54e4f1434671cc8,1,100,100.0,3.952,1500.0,3.0,60.0,95.0,95.0,28.0,,
772,5498115d653d5121ae5409c9,1,100,100.0,3.953,11030.0,8.0,30.0,74.0,74.0,34.0,1.0,100.0
773,5a17bb048cf0ed37ca9e18bc,1,100,100.0,3.955,12016.0,3.0,26.0,89.0,89.0,3.0,,
774,5b42da1bf64320209fc8da69,1,100,100.0,3.962,210.0,5.0,19.0,74.0,74.0,59.0,,
775,561df3a23a698c711e5e5efa,1,100,100.0,3.965,36033.0,8.0,7.0,-14.0,-14.0,19.0,1.0,100.0
776,5d54bec47ad242761d84984d,1,100,100.0,3.967,300.0,9.0,8.0,-12.0,-12.0,46.0,,
777,5e74810d7f5269411ad93989,1,100,100.0,3.968,185.0,1.67,2.0,17.0,17.0,32.0,,
778,5d46cdb476befe7f781dd1af,1,100,100.0,3.975,2869.0,9.0,8.0,-12.0,-12.0,31.0,,
779,59e5e353ef7b892409c6e6a7,1,100,100.0,3.975,1284.0,3.0,7.0,58.0,58.0,6.0,,
780,5927d9ead7f65462c5a1d409,1,100,100.0,3.982,901.0,16.0,14.0,-14.0,-14.0,18.0,,
781,5d4e5b8415275446cdad4fbb,1,100,100.0,3.988,900.0,2.65,3.0,12.0,12.0,33.0,,
782,5e535edc18034a4651aeecef,1,100,100.0,3.993,150.0,5.89,5.0,-17.0,-17.0,48.0,1.0,100.0
783,59e071d99fbc517c29711220,1,100,100.0,3.997,2435.0,16.0,33.0,52.0,52.0,61.0,1.0,100.0
784,5d4d24b3c8bc521b5568b537,1,100,100.0,4.0,88.0,7.0,17.0,59.0,59.0,27.0,,
785,5abbab1d7c27687c3daaad6e,1,100,100.0,4.001,5301.0,12.0,11.0,-9.0,-9.0,3.0,,
786,54869cf344a28275e008fb00,1,100,100.0,4.001,17222.0,11.0,51.0,79.0,79.0,4.0,,
787,5947799a2eac1104f22e4486,1,100,100.0,4.003,3852.0,5.73,5.0,-14.0,-14.0,63.0,,
788,5d3d417070327a201bfcd655,1,100,100.0,4.003,1250.0,1.72,2.0,14.0,14.0,13.0,,
789,5b18eb98dfc31f2100f4c4cd,1,100,100.0,4.005,4955.0,8.0,9.0,12.0,12.0,94.0,,
790,5acdbf7c9c15ff7191aadd30,1,100,100.0,4.014,5244.0,12.0,59.0,80.0,80.0,64.0,1.0,100.0
791,5dbb45d78aabea2d9e97b407,1,100,100.0,4.015,546.0,11.0,10.0,-10.0,-10.0,12.0,,
792,5d415665838897104cf4003d,1,100,100.0,4.019,746.0,11.0,22.0,50.0,50.0,24.0,,
793,5e5c7c2c77179e31406eece1,1,100,100.0,4.02,196.0,12.0,14.0,15.0,15.0,24.0,,
794,5aed66b2f0b75f35a1bd6615,1,100,100.0,4.023,4402.0,9.0,8.0,-12.0,-12.0,10.0,1.0,100.0
795,5986cc750ec30f4610ea07be,1,100,100.0,4.024,1746.0,11.0,10.0,-10.0,-10.0,22.0,,
796,598da748b7717348ffeaf02c,1,100,100.0,4.028,17002.0,12.0,11.0,-9.0,-9.0,104.0,,
797,5dda41a275cf541cc0b6cf99,1,100,100.0,4.03,689.0,2.0,2.0,0.0,0.0,58.0,1.0,100.0
798,588224a5bb3a4a4d5169deb2,1,100,100.0,4.035,5311.0,11.0,84.0,87.0,87.0,31.0,,
799,5a13e07c5d6f342d64b51237,1,100,100.0,4.039,4836.0,5.0,11.0,55.0,55.0,54.0,,
800,583188080d44631041fea370,1,100,100.0,4.04,11557.0,8.0,11.0,28.0,28.0,91.0,,
801,5b4973b049c8e64e07c31cb4,1,100,100.0,4.041,267.0,9.0,49.0,82.0,82.0,109.0,,
802,59146c0c71a2f21160479ee5,1,100,100.0,4.044,16726.0,16.0,88.0,82.0,82.0,9.0,,
803,5dc3de943710b9143904fdd9,1,100,100.0,4.045,88.0,8.0,7.0,-14.0,-14.0,15.0,,
804,54068c667a9eb466313c6ebf,1,100,100.0,4.051,102568.0,6.0,7.0,15.0,15.0,2.0,,
805,5ba08911269570054ba2b669,1,100,100.0,4.055,874.0,11.0,26.0,58.0,58.0,12.0,,
806,5c6d6c28619caa1d94891d06,1,100,100.0,4.056,1086.0,3.0,3.0,0.0,0.0,8.0,1.0,100.0
807,5d43cb4c4c7855604ee59bbb,1,100,100.0,4.067,89.0,8.0,7.0,-14.0,-14.0,29.0,,
808,55311a071a8a220c1b804371,1,100,100.0,4.07,5939.0,9.0,8.0,-12.0,-12.0,51.0,,
809,5ac1db0a1c256d3bd25188f4,1,100,100.0,4.077,1585.0,8.0,9.0,12.0,12.0,61.0,,
810,5b9cc34eb226113590090c59,1,100,100.0,4.087,7385.0,14.0,26.0,47.0,47.0,72.0,,
811,5b39de95d3db323a3a775883,1,100,100.0,4.097,1338.0,1.72,56.0,97.0,97.0,6.0,,
812,5729fb5ce1220e593d1b86ac,1,100,100.0,4.101,32724.0,8.0,7.0,-14.0,-14.0,9.0,,
813,5d64f34f2736787d00ad93ec,1,100,100.0,4.106,540.0,1.89,2.0,6.0,6.0,39.0,,
814,5ae2d056b125ab5424320fc1,1,100,100.0,4.107,2199.0,8.0,25.0,68.0,68.0,55.0,,
815,5d54026f41ed515c7a1eb40a,1,100,100.0,4.111,425.0,12.0,43.0,73.0,73.0,26.0,,
816,59a173df9fbc51783bd1f406,1,100,100.0,4.118,4943.0,5.83,64.0,91.0,91.0,52.0,,
817,57ebc98dfc63523912aa1424,1,100,100.0,4.123,1172.0,5.0,5.0,0.0,0.0,0.0,,
818,55ed54947e8372421830b946,1,100,100.0,4.123,38936.0,11.0,10.0,-10.0,-10.0,5.0,,
819,5d7b761abd5aa37518970b8c,1,100,100.0,4.125,1385.0,9.0,34.0,74.0,74.0,18.0,,
820,5d4784dd56a260398c1bc597,1,100,100.0,4.127,521.0,5.0,59.0,92.0,92.0,22.0,,
821,5512b0d98e8def07a462e1d7,1,100,100.0,4.128,17655.0,7.0,6.0,-16.0,-16.0,47.0,1.0,100.0
822,595097d6a26f6e070cb878d1,1,100,100.0,4.129,568.0,16.0,14.0,-14.0,-14.0,54.0,1.0,100.0
823,5772693e4e1511743e371036,1,100,100.0,4.13,1928.0,9.0,17.0,48.0,48.0,34.0,,
824,58ad74688a58e150335088ce,1,100,100.0,4.131,24132.0,8.0,7.0,-14.0,-14.0,23.0,,
825,59f868d0eea5c51c2167d097,1,100,100.0,4.136,18529.0,7.0,6.0,-16.0,-16.0,27.0,,
826,58b569edfc743d5072bcd4d9,1,100,100.0,4.141,8685.0,11.0,26.0,58.0,58.0,1.0,1.0,100.0
827,5b7e1d0f5b299812c53e81f5,1,100,100.0,4.151,1269.0,7.0,34.0,80.0,80.0,106.0,,
828,57ac5da80e3c8a18b4746013,1,100,100.0,4.157,300.0,18.0,115.0,85.0,85.0,177.0,1.0,100.0
829,582c4556ef562807126df946,1,100,100.0,4.158,19867.0,5.0,26.0,81.0,81.0,4.0,,
830,5960922537635d7e09b47c1d,1,100,100.0,4.158,7267.0,15.0,59.0,75.0,75.0,202.0,,
831,58171618bfa9fd1994661235,1,100,100.0,4.159,2602.0,6.0,145.0,96.0,96.0,52.0,,
832,5d481bd022f3014c80e6ddb2,1,100,100.0,4.167,30.0,1.0,1.0,0.0,0.0,6.0,,
833,59f9687a37f9f80d31798d60,1,100,100.0,4.167,629.0,6.0,17.0,65.0,65.0,93.0,1.0,100.0
834,5845000d330f3a4d59cff91f,1,100,100.0,4.168,10799.0,5.0,5.0,0.0,0.0,10.0,,
835,5ad7066e1b98df3e558530a6,1,100,100.0,4.17,3520.0,14.0,12.0,-16.0,-16.0,65.0,,
836,5afab0f75ccdca0e69a067b8,1,100,100.0,4.186,435.0,11.0,28.0,61.0,61.0,107.0,,
837,5d54f7e47ad2426b008579ae,1,100,100.0,4.19,163.0,2.9,3.0,4.0,4.0,19.0,,
838,5ab9f77bea8764355800e5a2,1,100,100.0,4.192,14327.0,4.7,19.0,76.0,76.0,15.0,,
839,585b36a336cedf4cb6c6ea62,1,100,100.0,4.195,18079.0,13.0,68.0,81.0,81.0,121.0,,
840,5ad01a6a70cf6977d05013de,1,100,100.0,4.21,2282.0,11.0,10.0,-10.0,-10.0,96.0,,
841,5486cf7540b3786ec7c7e4ee,1,100,100.0,4.21,9541.0,11.0,30.0,64.0,64.0,28.0,,
842,5d413afa0ff7f947c0e21025,1,100,100.0,4.211,878.0,14.0,97.0,86.0,86.0,44.0,,
843,596d9a4937635d7622a6c7f6,1,100,100.0,4.212,1290.0,8.0,7.0,-14.0,-14.0,111.0,,
844,5adef67640626a4b409b8e94,1,100,100.0,4.213,5106.0,5.92,9.0,35.0,35.0,17.0,,
845,5b13817f0128754174259044,1,100,100.0,4.213,2399.0,3.93,24.0,84.0,84.0,57.0,,
846,5925555b2cd9447854443c41,1,100,100.0,4.223,29977.0,49.0,42.0,-16.0,-16.0,6.0,,
847,58d12c00b9d9d6505a44c4e6,1,100,100.0,4.227,1465.0,18.0,47.0,62.0,62.0,34.0,,
848,5860cbf734de6c4d4803523d,1,100,100.0,4.227,7740.0,12.0,102.0,89.0,89.0,75.0,,
849,5953816a9579d81e5edcc3d7,1,100,100.0,4.228,7328.0,14.0,92.0,85.0,85.0,25.0,,
850,59815a929fbc512d72137ba5,1,100,100.0,4.228,2228.0,9.0,46.0,81.0,81.0,7.0,,
851,59802a908ee78d7ec44d192a,1,100,100.0,4.232,14664.0,8.0,85.0,91.0,91.0,19.0,,
852,58d3cd3b773e9257cc5b990a,1,100,100.0,4.232,4501.0,3.87,15.0,75.0,75.0,43.0,,
853,5a129c6aeea5c546c8b8e2f8,1,100,100.0,4.234,487.0,19.0,17.0,-11.0,-11.0,61.0,,
854,5a409cf87b584e7951b2e25f,1,100,100.0,4.236,7023.0,7.0,6.0,-16.0,-16.0,14.0,,
855,5d55f05833f0b43dceb58a50,1,100,100.0,4.238,63.0,8.0,22.0,64.0,64.0,10.0,,
856,5aa5d06da6bf7a7f7285bc0e,1,100,100.0,4.24,3769.0,9.0,8.0,-12.0,-12.0,23.0,,
857,58e4a53ce070a80f9180685a,1,100,100.0,4.243,8888.0,3.65,9.0,60.0,60.0,8.0,,
858,58d10bee24f9f96bdbe80fb6,1,100,100.0,4.244,4758.0,12.0,100.0,88.0,88.0,40.0,1.0,100.0
859,5d3d0c2c4b4fdb2f38b5e54d,1,100,100.0,4.245,1309.0,2.79,13.0,79.0,79.0,2.0,,
860,5d58d3b433f0b4349bbe941f,1,100,100.0,4.247,299.0,11.0,10.0,-10.0,-10.0,3.0,,
861,5c077d9e80508524a1cb3315,1,100,100.0,4.248,7218.0,2.69,3.0,11.0,11.0,1.0,,
862,590189980094b829518713b8,1,100,100.0,4.264,16994.0,11.0,10.0,-10.0,-10.0,51.0,,
863,5dbd7b090140ee044252ed12,1,100,100.0,4.264,855.0,7.0,6.0,-16.0,-16.0,11.0,,
864,567eb3a5d8a1043c0ab70707,1,100,100.0,4.272,1088.0,16.0,76.0,79.0,79.0,38.0,,
865,577a1c0517c3e2747a5a4659,1,100,100.0,4.274,8950.0,18.0,76.0,77.0,77.0,120.0,1.0,100.0
866,56da85f4df108f268b4a6618,1,100,100.0,4.276,8443.0,4.66,11.0,58.0,58.0,24.0,,
867,554b7fc033c1d7162b690160,1,100,100.0,4.278,12745.0,8.0,7.0,-14.0,-14.0,139.0,,
868,5e0b55766a4343d3823c7215,1,100,100.0,4.283,120.0,11.0,10.0,-10.0,-10.0,8.0,1.0,100.0
869,598429c3947e4119b7bec1c0,1,100,100.0,4.288,29265.0,14.0,84.0,84.0,84.0,103.0,,
870,5b083a8b7e43f23f2e16cbd6,1,100,100.0,4.29,3190.0,9.0,17.0,48.0,48.0,92.0,,
871,5673acd9c1a80060fb201026,1,100,100.0,4.299,3028.0,5.65,26.0,79.0,79.0,33.0,,
872,5650100887aaa61273717ce0,1,100,100.0,4.311,19632.0,16.0,50.0,68.0,68.0,46.0,,
873,580595bda46fa31f93d83357,1,100,100.0,4.325,1151.0,11.0,10.0,-10.0,-10.0,28.0,,
874,582c712cae088637843348a5,1,100,100.0,4.337,34975.0,9.0,8.0,-12.0,-12.0,27.0,,
875,587dd9a883eee74e06b30974,1,100,100.0,4.337,7012.0,8.0,7.0,-14.0,-14.0,14.0,,
876,53bd3edad911396c5b3fb0aa,1,100,100.0,4.341,1972.0,5.85,43.0,87.0,87.0,45.0,,
877,5b71353ec8cfda2270406795,1,100,100.0,4.343,3038.0,7.0,6.0,-16.0,-16.0,57.0,1.0,100.0
878,5ec3b16fedb2cda500b96542,1,100,100.0,4.365,96.0,5.86,5.0,-17.0,-17.0,76.0,,
879,58501ac7b9e3474c9f4b2afd,1,100,100.0,4.365,10917.0,3.69,40.0,91.0,91.0,59.0,1.0,100.0
880,5778fd153a698c5c2d845ed9,1,100,100.0,4.366,6121.0,11.0,42.0,74.0,74.0,55.0,1.0,100.0
881,5742c706d75bc459506b80f1,1,100,100.0,4.431,105684.0,7.0,6.0,-16.0,-16.0,23.0,,
882,57773e8e7f1b5074ad85dd89,1,100,100.0,4.438,54773.0,2.66,9.0,71.0,71.0,1.0,,
883,5d513ddf1d9a8e239c347192,1,100,100.0,4.444,36.0,5.75,16.0,65.0,65.0,27.0,1.0,100.0
884,5848298b68eb84699231b1f2,1,100,100.0,4.456,10622.0,1.76,2.0,12.0,12.0,35.0,,
885,5915c592fc9cce7eb7312bd4,1,100,100.0,4.463,3682.0,13.0,26.0,50.0,50.0,113.0,,
886,55837e8030c8403f7c8044b9,1,100,100.0,4.487,2805.0,5.0,9.0,45.0,45.0,6.0,,
887,5b07dc937752c81ecb291b66,1,100,100.0,4.522,343.0,3.73,17.0,79.0,79.0,27.0,,
888,559f372b577ce1196ef7f66c,1,100,100.0,4.578,1032.0,8.0,47.0,83.0,83.0,110.0,,
889,5dab9ece69ce753090f6735c,1,100,100.0,5.0,0.0,7.0,6.0,-16.0,-16.0,0.0,,
890,5d5a520c560eca48d7f140eb,2,100,50.0,3.516,254.0,4.0,4.0,0.0,0.0,1.0,1.0,50.0
891,5e6771b33cce5a8dd4f6fd3c,2,100,50.0,3.75,4.0,5.0,5.0,0.0,0.0,1.0,1.0,50.0
892,5b0fa1b72c3c1d2abb34f1a4,2,100,50.0,3.792,519.0,8.0,7.0,-14.0,-14.0,6.0,1.0,50.0
893,58d8e8ebd929c652b9c04c05,2,100,50.0,3.88,3730.0,3.76,7.0,47.0,47.0,8.0,,
894,5e748f2484068a0289ab6f9f,2,100,50.0,3.923,26.0,20.0,17.0,-17.0,-17.0,12.0,1.0,50.0
895,5e686e632fb13f0b010b6cd0,2,100,50.0,4.175,57.0,12.0,85.0,86.0,86.0,4.0,1.0,50.0
896,5a14dbb27dee4a2da907bddb,2,100,50.0,4.458,537.0,9.0,34.0,74.0,74.0,5.0,1.0,50.0
897,5e5cb2f077179e1ac07004a2,2,60,30.0,3.885,52.0,12.0,14.0,15.0,15.0,4.0,,
898,5e4f330366b9710ecfaff138,1,50,50.0,3.464,28.0,12.0,11.0,-9.0,-9.0,7.0,,
899,5e4b6a0c57cc9b0b53e499a4,1,50,50.0,3.667,9.0,5.0,38.0,87.0,87.0,2.0,,
900,5e75cce27477a26d336a6c07,1,50,50.0,3.676,34.0,15.0,13.0,-15.0,-15.0,10.0,,
901,5e732ba4dc0ec3709851e0f7,1,50,50.0,3.714,21.0,11.0,85.0,88.0,88.0,7.0,1.0,100.0
902,5eb91502c48732293d0a8e08,1,50,50.0,3.722,144.0,6.0,6.0,0.0,0.0,15.0,,
903,5d8c291ca1309429e32bb247,1,50,50.0,3.774,62.0,9.0,8.0,-12.0,-12.0,2.0,,
904,5abf82da22fad76f8c13b113,1,50,50.0,3.84,2647.0,12.0,11.0,-9.0,-9.0,17.0,,
905,58008d25047bed1ad1940bff,1,50,50.0,3.861,4098.0,3.86,6.0,36.0,36.0,6.0,,
906,5e6a5f041511dc46c06eac19,1,50,50.0,3.872,47.0,8.0,56.0,86.0,86.0,6.0,1.0,100.0
907,5aa24c9a22fad77bdfe2578b,1,50,50.0,3.937,399.0,27.0,23.0,-17.0,-17.0,12.0,,
908,5d9163dcbffbb14190a52df7,1,50,50.0,3.98,249.0,8.0,7.0,-14.0,-14.0,7.0,,
909,597ff85721064f2607e253e9,1,50,50.0,4.01,401.0,25.0,38.0,35.0,35.0,6.0,,
910,58db59f4e40cc66d2bda1bc0,1,50,50.0,4.094,14358.0,13.0,11.0,-18.0,-18.0,12.0,,
911,575ab2de20c8d15cb59e5ee0,1,50,50.0,4.12,8397.0,9.0,33.0,73.0,73.0,4.0,,
912,586378e04b60fe69e3335c5f,1,50,50.0,4.128,2283.0,8.0,7.0,-14.0,-14.0,8.0,,
913,578caf669035dc557db297c0,1,50,50.0,4.16,19281.0,8.0,7.0,-14.0,-14.0,6.0,1.0,100.0
914,5e50b3e818034a49f8aeecdf,1,50,50.0,4.17,47.0,1.0,8.0,88.0,88.0,4.0,,
915,578aeb7316b2891a3a226c21,1,50,50.0,4.323,5508.0,16.0,14.0,-14.0,-14.0,18.0,,
916,533e35e334067e3f0e7b05c5,1,50,50.0,4.385,71919.0,12.0,17.0,30.0,30.0,18.0,1.0,100.0
917,58bd1048662f70531f3962df,1,50,50.0,4.434,3063.0,16.0,14.0,-14.0,-14.0,2.0,,
918,5e61c817039ce2184a0ed392,3,30,10.0,3.548,31.0,16.0,14.0,-14.0,-14.0,3.0,1.0,33.0
919,5e71bc2ff2bef60050bd3a86,3,30,10.0,3.915,47.0,11.0,168.0,94.0,94.0,3.0,1.0,33.0
920,5d3aa36072b0c915fe6b8fbd,3,24,8.0,3.917,626.0,8.0,68.0,89.0,89.0,0.0,1.0,33.0
921,5e2ecb9deed5087a7ba2f5f7,2,20,10.0,3.609,46.0,7.0,17.0,59.0,59.0,2.0,,
922,5e54d1d9e0d90e6488de48c2,2,20,10.0,3.667,42.0,2.0,2.0,0.0,0.0,5.0,1.0,50.0
923,5d676dae88a10253b1781da6,2,20,10.0,3.691,291.0,9.0,10.0,10.0,10.0,0.0,1.0,50.0
924,5e606b6e29e7867135073fbe,2,20,10.0,3.692,13.0,2.67,67.0,97.0,97.0,0.0,1.0,50.0
925,5a3231f2e62bbc45b0bda1dd,2,20,10.0,3.837,129.0,5.0,5.0,0.0,0.0,0.0,1.0,50.0
926,5d48eef4b5144c50c2ac0af3,2,20,10.0,3.859,397.0,7.0,68.0,90.0,90.0,2.0,1.0,50.0
927,5e63469b2fdc774466e15dd5,1,10,10.0,2.333,3.0,5.75,5.0,-15.0,-15.0,0.0,,
928,5e4b9c3801ba9d210036fc5a,1,10,10.0,3.508,65.0,3.92,9.0,57.0,57.0,1.0,,
929,5df1cd2ecce7510b506fdba5,1,10,10.0,3.625,8.0,8.0,17.0,53.0,53.0,0.0,1.0,100.0
930,5a9d135128a2b361c3491a1e,1,10,10.0,3.76,1531.0,7.0,22.0,69.0,69.0,4.0,,
931,5e4f81dc968c88593150e98e,1,10,10.0,3.778,72.0,3.7,9.0,59.0,59.0,4.0,1.0,100.0
932,58c214fd95dc43508c12899c,1,10,10.0,3.81,4485.0,7.0,7.0,0.0,0.0,11.0,1.0,100.0
933,58d64937794a2b6db2f0394e,1,10,10.0,3.873,528.0,11.0,70.0,85.0,85.0,2.0,,
934,5af917558699ce1103dd6010,1,10,10.0,3.875,514.0,14.0,12.0,-16.0,-16.0,2.0,1.0,100.0
935,59538ae253ebe2397fc85777,1,10,10.0,3.959,5123.0,6.0,6.0,0.0,0.0,4.0,,
936,5d53751b40defd6833e480ad,1,10,10.0,4.008,238.0,12.0,67.0,83.0,83.0,3.0,,
937,5d5008cb1d9a8e750032d31b,1,10,10.0,4.015,676.0,16.0,25.0,36.0,36.0,4.0,,
938,5aae608bdb5f1f42a93eaaed,1,10,10.0,4.021,331.0,15.0,13.0,-15.0,-15.0,4.0,,
939,57c4dd2ce2a1b61c74c4265a,1,10,10.0,4.037,28798.0,5.65,33.0,83.0,83.0,0.0,1.0,100.0
940,5466f5ea1280fa5c9c7ba98e,1,10,10.0,4.042,3694.0,7.0,66.0,90.0,90.0,0.0,,
941,5de71b384c9c820a00c16efa,1,10,10.0,4.062,193.0,7.0,7.0,0.0,0.0,0.0,,
942,592955ef980a346d826f7bfc,1,10,10.0,4.17,1496.0,8.0,33.0,76.0,76.0,0.0,,
943,569f3031b3d90139e3c5a407,1,10,10.0,4.173,9217.0,14.0,12.0,-16.0,-16.0,1.0,,
944,5d594543cf65033850311c11,1,10,10.0,4.2,60.0,3.71,5.0,26.0,26.0,1.0,,
945,56025ed8293a5b2d24779bde,1,10,10.0,4.295,22621.0,11.0,30.0,64.0,64.0,0.0,1.0,100.0
946,538f4f18ab980a5167a1d722,1,10,10.0,4.326,173992.0,8.0,7.0,-14.0,-14.0,2.0,,
947,56de96c70f2a81169f14fcde,1,10,10.0,4.466,1442.0,16.0,14.0,-14.0,-14.0,0.0,,
948,574d559cb06e205d099d9107,1,10,10.0,4.501,2038.0,18.0,59.0,70.0,70.0,6.0,,
949,5db248327c0d0800c24fc084,1,10,10.0,4.513,160.0,5.68,5.0,-13.0,-13.0,2.0,,
950,54365c349719cd57af2b449b,1,8,8.0,3.949,53225.0,7.0,31.0,78.0,78.0,0.0,,
951,581c54c4dd99164b808ca531,1,7,7.0,4.249,6348.0,8.0,55.0,86.0,86.0,1.0,,
952,564d8f2f3a698c01d97fbb81,1,3,3.0,3.991,11378.0,4.81,30.0,84.0,84.0,0.0,,
953,567bad8582c35f28103e5813,1,2,2.0,3.999,21307.0,11.0,10.0,-10.0,-10.0,1.0,,
954,5b24edf0d1c360301099e9c6,1,2,2.0,4.303,693.0,16.0,16.0,0.0,0.0,0.0,,
955,5d417e7070327a2743021677,1,1,1.0,3.598,378.0,2.72,9.0,70.0,70.0,0.0,,
956,5add589edb5f1f32114d07df,1,1,1.0,3.956,1134.0,14.0,14.0,0.0,0.0,0.0,,
957,5d4b8931933fb13f8a1fe232,1,1,1.0,4.007,1380.0,11.0,30.0,64.0,64.0,0.0,,
