Construction_Investment,Year,Value,Total,Architecture_Total,Architecture_Residential,Architecture_Residential_Government,Architecture_Residential_Private,Architecture_Non Residential,Architecture_Non Residential_Government,Architecture_Non Residential_Private,Architecture_Non Residential_Private_Mining and Industry,Architecture_Non Residential_Private_Other,Architecture_Building Repairs(Renovation or Remodeling),Architecture_Building Repairs_Government,Architecture_Building Repairs_Private,Civil Engineering_Total,Civil Engineering_Government,Civil Engineering_Government_Public Projects,Civil Engineering_Government_Other,Civil Engineering_Private,Repeated_Total_Government,Repeated_Total_Private,Repeated_Architecture_Government,Repeated_Architecture_Private,Repeated_Civil Engineering_Government,Repeated_Civil Engineering_Private,Repeated_Private_Non Residential Construction(Non Residential Architecture and Civil Engineering)
amount,2022,real,669900,434000,163100,3400,159700,157600,38500,119100,,,113300,18600,94700,235900,164800,144500,20300,71100,225300,444600,60500,373500,164800,71100,190200
amount,2021,real,666000,425800,164700,3600,161100,148200,40000,108200,,,112900,19300,93600,240200,171000,150000,21000,69200,233900,432100,62900,362900,171000,69200,177400
amount,2020,real,653600,405300,156800,4200,152600,145300,40300,105000,,,103200,19200,84000,248300,180600,155400,25200,67700,244300,409300,63700,341600,180600,67700,172700
amount,2019,real,623280,401817,167478,4358,163120,155383,39078,116305,24991,91314,78956,14063,64893,221463,167303,141949,25354,54160,224802,398478,57499,344318,167303,54160,170465
amount,2018,real,618271,404856,172580,5214,167366,153994,38778,115216,25608,89608,78282,13049,65233,213415,158869,135472,23397,54546,215910,402361,57041,347815,158869,54546,169762
amount,2017,real,613251,408592,175629,6207,169422,156860,42333,114527,22777,91750,76103,13196,62907,204659,156064,133094,22970,48595,217800,395451,61736,346856,156064,48595,163122
amount,2016,real,587399,383061,172209,7583,164626,137223,34795,102428,19756,82672,73629,13433,60196,204338,154051,128986,25065,50287,209862,377537,55811,327250,154051,50287,152715
amount,2015,real,566468,370916,164808,7898,156910,130824,34905,95919,19587,76332,75284,13284,62000,195552,145961,119549,26412,49591,202048,364420,56087,314829,145961,49591,145510
amount,2014,real,474941,281899,156221,7460,148761,125678,34076,91602,15718,75884,,,,193042,144568,124667,19901,48474,186104,288837,41536,240363,144568,48474,140076
amount,2013,real,482997,287243,172185,6496,165689,115058,26728,88330,13773,74557,,,,195754,150460,130016,20444,45294,183684,299313,33224,254019,150460,45294,133624
amount,2012,real,424493,248888,152340,4493,147847,96548,22798,73750,12867,60883,,,,175605,133207,114612,18595,42398,160498,263995,27291,221597,133207,42398,116148
amount,2011,real,421139,237753,144579,4363,140216,93174,19021,74153,11639,62514,,,,183386,139939,119105,20834,43447,163323,257816,23384,214369,139939,43447,117600
amount,2010,real,419282,220991,134933,5154,129779,86058,16942,69116,10671,58445,,,,198291,157724,130198,27526,40567,179820,239462,22096,198895,157724,40567,109683
amount,2009,real,429649,226902,134019,5615,128404,92883,16501,76382,12870,63512,,,,202747,157232,139143,18089,45515,179348,250301,22116,204786,157232,45515,121897
amount,2008,real,481517,284428,169217,5347,163870,115211,15323,99888,25394,74494,,,,197089,146507,128242,18265,50582,167177,314340,20670,263758,146507,50582,150470
amount,2007,real,476961,277194,171492,5471,166021,105702,14036,91666,19676,71990,,,,199767,149956,132596,17360,49811,169463,307498,19507,257687,149956,49811,141477
amount,2006,real,513281,305836,193477,5978,187499,112359,14469,97890,23524,74366,,,,207445,157518,139731,17787,49927,177965,335316,20447,285389,157518,49927,147817
amount,2005,real,515676,297142,189675,5417,184258,107467,15110,92357,19930,72427,,,,218534,169211,150853,18358,49323,189738,325938,20527,276615,169211,49323,141680
amount,2004,real,528246,296953,190430,6682,183748,106523,17161,89362,16743,72619,,,,231293,184439,163742,20697,46854,208282,319964,23843,273110,184439,46854,136216
amount,2003,real,536880,286692,187237,8229,179008,99455,23279,76176,12142,64034,,,,250188,203001,180153,22848,47187,234509,302371,31508,255184,203001,47187,123363
amount,2002,real,568401,291986,188382,8875,179507,103604,26198,77406,11256,66150,,,,276415,224101,199335,24766,52314,259174,309227,35073,256913,224101,52314,129720
amount,2001,real,612875,308061,195193,9442,185751,112868,26703,86165,14561,71604,,,,304814,245786,218059,27727,59028,281931,330944,36145,271916,245786,59028,145193
amount,2000,real,661948,336189,212473,9717,202756,123716,30287,93429,17381,76048,,,,325759,259597,228151,31445,66162,299601,362347,40004,296185,259597,66162,159591
amount,1999,real,685039,346535,217955,10717,207238,128580,34725,93855,12994,80861,,,,338504,273938,243246,30691,64567,319379,365660,45442,301093,273937,64567,158422
amount,1998,real,714269,349115,209924,12303,197621,139191,36472,102719,17715,85004,,,,365154,291155,258969,32186,73999,339930,374339,48775,300340,291155,73999,176718
amount,1997,real,751906,398866,238568,13699,224869,160298,40529,119769,26015,93754,,,,353040,275414,242232,33183,77625,329642,422263,54228,344638,275414,77625,197394
amount,1996,real,828077,457742,294396,15201,279195,163346,41925,121421,24329,97092,,,,370335,288649,252907,35742,81686,345775,482302,57126,400616,288649,81686,203107
amount,1995,real,790169,409896,257684,14555,243129,152212,42117,110095,21066,89029,,,,380273,295314,259516,35799,84958,351986,438182,56672,353224,295314,84958,195053
amount,1994,real,787523,439297,274208,17789,256419,165089,46948,118141,22899,95242,,,,348226,267810,235195,32616,80416,332547,454976,64737,374560,267810,80416,198557
amount,1993,real,816933,453063,256458,15217,241241,196605,51748,144857,26448,118409,,,,363870,275118,240683,34435,88752,342083,474850,66965,386098,275118,88752,233609
amount,1992,real,839708,490751,240080,13455,226625,250671,50179,200492,39847,160645,,,,348957,259709,226179,33530,89248,323343,516365,63634,427117,259709,89248,289740
amount,1991,real,824036,507157,242828,11545,231283,264329,44845,219484,53703,165781,,,,316879,230175,200645,29530,86704,286565,537471,56390,450767,230175,86704,306188
amount,1990,real,814395,522319,267359,10142,257217,254960,35868,219092,55068,164024,,,,292076,211470,185742,25728,80606,257480,556915,46010,476309,211470,80606,299698
amount,1989,real,731146,464199,244554,9330,235224,219645,32727,186918,50651,136267,,,,266947,200756,176362,24394,66191,242813,488333,42057,422142,200756,66191,253109
amount,1988,real,666555,418117,229145,8113,221032,188972,32240,156732,36270,120462,,,,248438,193281,171051,22230,55157,233634,432921,40353,377764,193281,55157,211889
amount,1987,real,615257,375947,216435,8472,207963,159512,31194,128318,23735,104583,,,,239310,186121,164145,21976,53189,225787,389470,39666,336281,186121,53189,181507
amount,1986,real,535631,316813,169927,8206,161721,146886,29926,116960,23112,93848,,,,218818,169638,143195,26443,49180,207770,327861,38132,278681,169638,49180,166140
amount,1985,real,499645,294403,156048,8441,147607,138355,28490,109865,27654,82211,,,,205242,156598,131773,24825,48644,193529,306116,36931,257472,156598,48644,158509
amount,1984,real,485472,287104,150815,8613,142202,136289,31245,105044,27507,77537,,,,198368,154828,124941,29887,43540,194686,290786,39858,247246,154828,43540,148584
amount,1983,real,475988,274693,147846,9122,138724,126847,32924,93923,19958,73965,,,,201295,156968,124994,31974,44327,199014,276974,42046,232647,156968,44327,138250
amount,1982,real,500689,285938,160952,8713,152239,124986,37011,87975,19795,68180,,,,214751,157008,124207,32801,57743,202732,297957,45724,240214,157008,57743,145718
amount,1981,real,502198,289803,157058,8958,148100,132745,40107,92638,22341,70297,,,,212395,153901,119662,34239,58494,202966,299232,49065,240738,153901,58494,151132
amount,1980,real,494753,292189,160170,8847,151323,132019,39202,92817,21640,71177,,,,202564,148143,112974,35169,54421,196192,298561,48049,244140,148143,54421,147238
amount,1979,real,479219,290021,164685,8931,155754,125336,37072,88264,18467,69797,,,,189198,141807,106155,35652,47391,187810,291409,46003,244018,141807,47391,135655
amount,1978,real,426860,251963,148924,10435,138489,103039,33133,69906,12532,57374,,,,174897,132244,96999,35245,42653,175812,251048,43568,208395,132244,42653,112559
amount,1977,real,387986,231284,140007,8781,131226,91277,26772,64505,12031,52474,,,,156702,114960,82778,32182,41742,150513,237473,35553,195731,114960,41742,106247
amount,1976,real,341965,215714,131774,7955,123819,83940,20736,63204,13604,49600,,,,126251,93444,65525,27919,32807,122135,219830,28691,187023,93444,32807,96011
amount,1975,real,316241,197598,119399,8396,111003,78199,22444,55755,12526,43229,,,,118643,87757,59711,28046,30886,118597,197644,30840,166758,87757,30886,86641
amount,1974,real,293944,183757,103914,7761,96153,79843,20226,59617,17690,41927,,,,110187,76511,51288,25223,33676,104498,189446,27987,155770,76511,33676,93293
amount,1973,real,286673,190572,103557,5066,98491,87015,15142,71873,21665,50208,,,,96101,66564,45551,21013,29537,86772,199901,20208,170364,66564,29537,101410
amount,1972,real,214625,134662,74989,4714,70275,59673,10923,48750,12192,36558,,,,79963,60581,42721,17860,19382,76218,138407,15637,119025,60581,19382,68132
amount,1971,real,166768,104833,56918,4586,52332,47915,9823,38092,9713,28379,,,,61935,47693,33704,13989,14242,62102,104666,14409,90424,47693,14242,52334
amount,1970,real,146341,97179,52276,3841,48435,44903,8916,35987,12570,23417,,,,49162,36680,25057,11623,12482,49437,96904,12757,84422,36680,12482,48469
amount,1969,real,125251,82020,44728,2824,41904,37292,6669,30623,10450,20173,,,,43231,31169,21032,10137,12062,40662,84589,9493,72527,31169,12062,42685
amount,1968,real,101915,65721,35953,2298,33655,29768,5599,24169,8015,16154,,,,36194,27304,18324,8980,8890,35201,66714,7897,57824,27304,8890,33059
amount,1967,real,84928,54406,29868,1797,28071,24538,4423,20115,6472,13643,,,,30522,23626,16083,7543,6896,29846,55082,6220,48186,23626,6896,27011
amount,1966,real,67820,41517,23594,1680,21914,17923,4111,13812,3678,10134,,,,26303,20415,14134,6281,5888,26206,41614,5791,35726,20415,5888,19700
amount,1965,real,59531,37181,20219,1438,18781,16962,3913,13049,3547,9502,,,,22350,17528,11681,5847,4822,22879,36652,5351,31830,17528,4822,17871
amount,1964,real,54750,35486,16759,1073,15686,18727,3220,15507,4991,10516,,,,19264,15076,10469,4607,4188,19369,35381,4293,31193,15076,4188,19695
amount,1963,real,44979,26854,13453,922,12531,13401,2417,10984,3645,7339,,,,18125,13997,9323,4674,4128,17336,27643,3339,23515,13997,4128,15112
amount,1962,real,37772,22418,10395,920,9475,12023,2590,9433,3868,5565,,,,15354,11551,7906,3645,3803,15061,22711,3510,18908,11551,3803,13236
amount,1961,real,33418,20396,8862,668,8194,11534,1821,9713,4506,5207,,,,13022,9055,6391,2664,3967,11544,21874,2489,17907,9055,3967,13680
amount,1960,real,25078,15410,7061,488,6573,8349,1556,6793,3086,3707,,,,9668,6663,4825,1838,3005,8707,16371,2044,13366,6663,3005,9798
year over year,2022,real,0.6,1.9,1,5.6,0.9,6.3,3.8,10.1,,,0.4,3.6,1.2,1.8,3.6,3.7,3.3,2.7,3.7,2.9,3.8,2.9,3.6,2.7,7.2
year over year,2021,real,1.9,5.1,5,14.3,5.6,2,0.7,3,,,9.4,0.5,11.4,3.3,5.3,3.5,16.7,2.2,4.3,5.6,1.3,6.2,5.3,2.2,2.7
year over year,2020,real,4.9,0.9,6.4,3.6,6.4,6.5,3.1,9.7,,,30.7,36.5,29.4,12.1,7.9,9.5,0.6,25,8.7,2.7,10.8,0.8,7.9,25,1.3
year over year,2019,real,0.8,0.8,3,16.4,2.5,0.9,0.8,0.9,2.4,1.9,0.9,7.8,0.5,3.8,5.3,4.8,8.4,0.7,4.1,1,0.8,1,5.3,0.7,0.4
year over year,2018,real,0.8,0.9,1.7,16,1.2,1.8,8.4,0.6,12.4,2.3,2.9,1.1,3.7,4.3,1.8,1.8,1.9,12.2,0.9,1.7,7.6,0.3,1.8,12.2,4.1
year over year,2017,real,4.4,6.7,2,18.1,2.9,14.3,21.7,11.8,15.3,11,3.4,1.8,4.5,0.2,1.3,3.2,8.4,3.4,3.8,4.7,10.6,6,1.3,3.4,6.8
year over year,2016,real,3.7,3.3,4.5,4,4.9,4.9,0.3,6.8,0.9,8.3,2.2,1.1,2.9,4.5,5.5,7.9,5.1,1.4,3.9,3.6,0.5,3.9,5.5,1.4,5
year over year,2015,real,19.3,31.6,5.5,5.9,5.5,4.1,2.4,4.7,24.6,0.6,,,,1.3,1,4.1,32.7,2.3,8.6,26.2,35,31,1,2.3,3.9
year over year,2014,real,1.7,1.9,9.3,14.8,10.2,9.2,27.5,3.7,14.1,1.8,,,,1.4,3.9,4.1,2.7,7,1.3,3.5,25,5.4,3.9,7,4.8
year over year,2013,real,13.8,15.4,13,44.6,12.1,19.2,17.2,19.8,7,22.5,,,,11.5,13,13.4,9.9,6.8,14.4,13.4,21.7,14.6,13,6.8,15
year over year,2012,real,0.8,4.7,5.4,3,5.4,3.6,19.9,0.5,10.6,2.6,,,,4.2,4.8,3.8,10.7,2.4,1.7,2.4,16.7,3.4,4.8,2.4,1.2
year over year,2011,real,0.4,7.6,7.1,15.3,8,8.3,12.3,7.3,9.1,7,,,,7.5,11.3,8.5,24.3,7.1,9.2,7.7,5.8,7.8,11.3,7.1,7.2
year over year,2010,real,2.4,2.6,0.7,8.2,1.1,7.3,2.7,9.5,17.1,8,,,,2.2,0.3,6.4,52.2,10.9,0.3,4.3,0.1,2.9,0.3,10.9,10
year over year,2009,real,10.8,20.2,20.8,5,21.6,19.4,7.7,23.5,49.3,14.7,,,,2.9,7.3,8.5,1,10,7.3,20.4,7,22.4,7.3,10,19
year over year,2008,real,1,2.6,1.3,2.3,1.3,9,9.2,9,29.1,3.5,,,,1.3,2.3,3.3,5.2,1.5,1.3,2.2,6,2.4,2.3,1.5,6.4
year over year,2007,real,7.1,9.4,11.4,8.5,11.5,5.9,3,6.4,16.4,3.2,,,,3.7,4.8,5.1,2.4,0.2,4.8,8.3,4.6,9.7,4.8,0.2,4.3
year over year,2006,real,0.5,2.9,2,10.4,1.8,4.6,4.2,6,18,2.7,,,,5.1,6.9,7.4,3.1,1.2,6.2,2.9,0.4,3.2,6.9,1.2,4.3
year over year,2005,real,2.4,0.1,0.4,18.9,0.3,0.9,12,3.4,19,0.3,,,,5.5,8.3,7.9,11.3,5.3,8.9,1.9,13.9,1.3,8.3,5.3,4
year over year,2004,real,1.6,3.6,1.7,18.8,2.6,7.1,26.3,17.3,37.9,13.4,,,,7.6,9.1,9.1,9.4,0.7,11.2,5.8,24.3,7,9.1,0.7,10.4
year over year,2003,real,5.5,1.8,0.6,7.3,0.3,4,11.1,1.6,7.9,3.2,,,,9.5,9.4,9.6,7.7,9.8,9.5,2.2,10.2,0.7,9.4,9.8,4.9
year over year,2002,real,7.3,5.2,3.5,6,3.4,8.2,1.9,10.2,22.7,7.6,,,,9.3,8.8,8.6,10.7,11.4,8.1,6.6,3,5.5,8.8,11.4,10.7
year over year,2001,real,7.4,8.4,8.1,2.8,8.4,8.8,11.8,7.8,16.2,5.8,,,,6.4,5.3,4.4,11.8,10.8,5.9,8.7,9.6,8.2,5.3,10.8,9
year over year,2000,real,3.4,3,2.5,9.3,2.2,3.8,12.8,0.5,33.8,6,,,,3.8,5.2,6.2,2.5,2.5,6.2,0.9,12,1.6,5.2,2.5,0.7
year over year,1999,real,4.1,0.7,3.8,12.9,4.9,7.6,4.8,8.6,26.6,4.9,,,,7.3,5.9,6.1,4.6,12.7,6,2.3,6.8,0.3,5.9,12.7,10.4
year over year,1998,real,5,12.5,12,10.2,12.1,13.2,10,14.2,31.9,9.3,,,,3.4,5.7,6.9,3,4.7,3.1,11.3,10.1,12.9,5.7,4.7,10.5
year over year,1997,real,9.2,12.9,19,9.9,19.5,1.9,3.3,1.4,6.9,3.4,,,,4.7,4.6,4.2,7.2,5,4.7,12.4,5.1,14,4.6,5,2.8
year over year,1996,real,4.8,11.7,14.2,4.4,14.8,7.3,0.5,10.3,15.5,9.1,,,,2.6,2.3,2.5,0.2,3.9,1.8,10.1,0.8,13.4,2.3,3.9,4.1
year over year,1995,real,0.3,6.7,6,18.2,5.2,7.8,10.3,6.8,8,6.5,,,,9.2,10.3,10.3,9.8,5.6,5.8,3.7,12.5,5.7,10.3,5.6,1.8
year over year,1994,real,3.6,3,6.9,16.9,6.3,16,9.3,18.4,13.4,19.6,,,,4.3,2.7,2.3,5.3,9.4,2.8,4.2,3.3,3,2.7,9.4,15
year over year,1993,real,2.7,7.7,6.8,13.1,6.4,21.6,3.1,27.7,33.6,26.3,,,,4.3,5.9,6.4,2.7,0.6,5.8,8,5.2,9.6,5.9,0.6,19.4
year over year,1992,real,1.9,3.2,1.1,16.5,2,5.2,11.9,8.7,25.8,3.1,,,,10.1,12.8,12.7,13.5,2.9,12.8,3.9,12.8,5.2,12.8,2.9,5.4
year over year,1991,real,1.2,2.9,9.2,13.8,10.1,3.7,25,0.2,2.5,1.1,,,,8.5,8.8,8,14.8,7.6,11.3,3.5,22.6,5.4,8.8,7.6,2.2
year over year,1990,real,11.4,12.5,9.3,8.7,9.3,16.1,9.6,17.2,8.7,20.4,,,,9.4,5.3,5.3,5.5,21.8,6,14,9.4,12.8,5.3,21.8,18.4
year over year,1989,real,9.7,11,6.7,15,6.4,16.2,1.5,19.3,39.6,13.1,,,,7.5,3.9,3.1,9.7,20,3.9,12.8,4.2,11.7,3.9,20,19.5
year over year,1988,real,8.3,11.2,5.9,4.2,6.3,18.5,3.4,22.1,52.8,15.2,,,,3.8,3.8,4.2,1.2,3.7,3.5,11.2,1.7,12.3,3.8,3.7,16.7
year over year,1987,real,14.9,18.7,27.4,3.2,28.6,8.6,4.2,9.7,2.7,11.4,,,,9.4,9.7,14.6,16.9,8.2,8.7,18.8,4,20.7,9.7,8.2,9.2
year over year,1986,real,7.2,7.6,8.9,2.8,9.6,6.2,5,6.5,16.4,14.2,,,,6.6,8.3,8.7,6.5,1.1,7.4,7.1,3.3,8.2,8.3,1.1,4.8
year over year,1985,real,2.9,2.5,3.5,2,3.8,1.5,8.8,4.6,0.5,6,,,,3.5,1.1,5.5,16.9,11.7,0.6,5.3,7.3,4.1,1.1,11.7,6.7
year over year,1984,real,2,4.5,2,5.6,2.5,7.4,5.1,11.8,37.8,4.8,,,,1.5,1.4,0,6.5,1.8,2.2,5,5.2,6.3,1.4,1.8,7.5
year over year,1983,real,4.9,3.9,8.1,4.7,8.9,1.5,11,6.8,0.8,8.5,,,,6.3,0,0.6,2.5,23.2,1.8,7,8,3.2,0,23.2,5.1
year over year,1982,real,0.3,1.3,2.5,2.7,2.8,5.8,7.7,5,11.4,3,,,,1.1,2,3.8,4.2,1.3,0.1,0.4,6.8,0.2,2,1.3,3.6
year over year,1981,real,1.5,0.8,1.9,1.3,2.1,0.5,2.3,0.2,3.2,1.2,,,,4.9,3.9,5.9,2.6,7.5,3.5,0.2,2.1,1.4,3.9,7.5,2.6
year over year,1980,real,3.2,0.7,2.7,0.9,2.8,5.3,5.7,5.2,17.2,2,,,,7.1,4.5,6.4,1.4,14.8,4.5,2.5,4.4,0,4.5,14.8,8.5
year over year,1979,real,12.3,15.1,10.6,14.4,12.5,21.6,11.9,26.3,47.4,21.7,,,,8.2,7.2,9.4,1.2,11.1,6.8,16.1,5.6,17.1,7.2,11.1,20.5
year over year,1978,real,10,8.9,6.4,18.8,5.5,12.9,23.8,8.4,4.2,9.3,,,,11.6,15,17.2,9.5,2.2,16.8,5.7,22.5,6.5,15,2.2,5.9
year over year,1977,real,13.5,7.2,6.2,10.4,6,8.7,29.1,2.1,11.6,5.8,,,,24.1,23,26.3,15.3,27.2,23.2,8,23.9,4.7,23,27.2,10.7
year over year,1976,real,8.1,9.2,10.4,5.3,11.5,7.3,7.6,13.4,8.6,14.7,,,,6.4,6.5,9.7,0.5,6.2,3,11.2,7,12.2,6.5,6.2,10.8
year over year,1975,real,7.6,7.5,14.9,8.2,15.4,2.1,11,6.5,29.2,3.1,,,,7.7,14.7,16.4,11.2,8.3,13.5,4.3,10.2,7.1,14.7,8.3,7.1
year over year,1974,real,2.5,3.6,0.3,53.2,2.4,8.2,33.6,17.1,18.3,16.5,,,,14.7,14.9,12.6,20,14,20.4,5.2,38.5,8.6,14.9,14,8
year over year,1973,real,33.6,41.5,38.1,7.5,40.2,45.8,38.6,47.4,77.7,37.3,,,,20.2,9.9,6.6,17.7,52.4,13.8,44.4,29.2,43.1,9.9,52.4,48.8
year over year,1972,real,28.7,28.5,31.7,2.8,34.3,24.5,11.2,28,25.5,28.8,,,,29.1,27,26.8,27.7,36.1,22.7,32.2,8.5,31.6,27,36.1,30.2
year over year,1971,real,14,7.9,8.9,19.4,8,6.7,10.2,5.8,22.7,21.2,,,,26,30,34.5,20.4,14.1,25.6,8,12.9,7.1,30,14.1,8
year over year,1970,real,16.8,18.5,16.9,36,15.6,20.4,33.7,17.5,20.3,16.1,,,,13.7,17.7,19.1,14.7,3.5,21.6,14.6,34.4,16.4,17.7,3.5,13.6
year over year,1969,real,22.9,24.8,24.4,22.9,24.5,25.3,19.1,26.7,30.4,24.9,,,,19.4,14.2,14.8,12.9,35.7,15.5,26.8,20.2,25.4,14.2,35.7,29.1
year over year,1968,real,20,20.8,20.4,27.9,19.9,21.3,26.6,20.2,23.8,18.4,,,,18.6,15.6,13.9,19.1,28.9,17.9,21.1,27,20,15.6,28.9,22.4
year over year,1967,real,25.2,31,26.6,7,28.1,36.9,7.6,45.6,76,34.6,,,,16,15.7,13.8,20.1,17.1,13.9,32.4,7.4,34.9,15.7,17.1,37.1
year over year,1966,real,13.9,11.7,16.7,16.8,16.7,5.7,5.1,5.8,3.7,6.7,,,,17.7,16.5,21,7.4,22.1,14.5,13.5,8.2,12.2,16.5,22.1,10.2
year over year,1965,real,8.7,4.8,20.6,34,19.7,9.4,21.5,15.9,28.9,9.6,,,,16,16.3,11.6,26.9,15.1,18.1,3.6,24.6,2,16.3,15.1,9.3
year over year,1964,real,21.7,32.1,24.6,16.4,25.2,39.7,33.2,41.2,36.9,43.3,,,,6.3,7.7,12.3,1.4,1.5,11.7,28,28.6,32.7,7.7,1.5,30.3
year over year,1963,real,19.1,19.8,29.4,0.2,32.3,11.5,6.7,16.4,5.8,31.9,,,,18,21.2,17.9,28.2,8.5,15.1,21.7,4.9,24.4,21.2,8.5,14.2
year over year,1962,real,13,9.9,17.3,37.7,15.6,4.2,42.2,2.9,14.2,6.9,,,,17.9,27.6,23.7,36.8,4.1,30.5,3.8,41,5.6,27.6,4.1,3.2
year over year,1961,real,33.3,32.4,25.5,36.9,24.7,38.1,17,43,46,40.5,,,,34.7,35.9,32.5,44.9,32,32.6,33.6,21.8,34,35.9,32,39.6
year over year,1960,real,,,,,,,,,,,,,,,,,,,,,,,,,
proportion,2022,real,100,64.8,24.3,0.5,23.8,23.5,5.7,17.8,,,16.9,2.8,14.1,35.2,24.6,21.6,3,10.6,33.6,66.4,9,55.8,24.6,10.6,28.4
proportion,2021,real,100,63.9,24.7,0.5,24.2,22.3,6,16.2,,,17,2.9,14.1,36.1,25.7,22.5,3.2,10.4,35.1,64.9,9.4,54.5,25.7,10.4,26.6
proportion,2020,real,100,62,24,0.6,23.3,22.2,6.2,16.1,,,15.8,2.9,12.9,38,27.6,23.8,3.9,10.4,37.4,62.6,9.7,52.3,27.6,10.4,26.4
proportion,2019,real,100,64.5,26.9,0.7,26.2,24.9,6.3,18.7,4,14.7,12.7,2.3,10.4,35.5,26.8,22.8,4.1,8.7,36.1,63.9,9.2,55.2,26.8,8.7,27.3
proportion,2018,real,100,65.5,27.9,0.8,27.1,24.9,6.3,18.6,4.1,14.5,12.7,2.1,10.6,34.5,25.7,21.9,3.8,8.8,34.9,65.1,9.2,56.3,25.7,8.8,27.5
proportion,2017,real,100,66.6,28.6,1,27.6,25.6,6.9,18.7,3.7,15,12.4,2.2,10.3,33.4,25.4,21.7,3.7,7.9,35.5,64.5,10.1,56.6,25.4,7.9,26.6
proportion,2016,real,100,65.2,29.3,1.3,28,23.4,5.9,17.4,3.4,14.1,12.5,2.3,10.2,34.8,26.2,22,4.3,8.6,35.7,64.3,9.5,55.7,26.2,8.6,26
proportion,2015,real,100,65.5,29.1,1.4,27.7,23.1,6.2,16.9,3.5,13.5,13.3,2.3,10.9,34.5,25.8,21.1,4.7,8.8,35.7,64.3,9.9,55.6,25.8,8.8,25.7
proportion,2014,real,100,59.4,32.9,1.6,31.3,26.5,7.2,19.3,3.3,16,,,,40.6,30.4,26.2,4.2,10.2,39.2,60.8,8.7,50.6,30.4,10.2,29.5
proportion,2013,real,100,59.5,35.6,1.3,34.3,23.8,5.5,18.3,2.9,15.4,,,,40.5,31.2,26.9,4.2,9.4,38,62,6.9,52.6,31.2,9.4,27.7
proportion,2012,real,100,58.6,35.9,1.1,34.8,22.7,5.4,17.4,3,14.3,,,,41.4,31.4,27,4.4,10,37.8,62.2,6.4,52.2,31.4,10,27.4
proportion,2011,real,100,56.5,34.3,1,33.3,22.1,4.5,17.6,2.8,14.8,,,,43.5,33.2,28.3,4.9,10.3,38.8,61.2,5.6,50.9,33.2,10.3,27.9
proportion,2010,real,100,52.7,32.2,1.2,31,20.5,4,16.5,2.5,13.9,,,,47.3,37.6,31.1,6.6,9.7,42.9,57.1,5.3,47.4,37.6,9.7,26.2
proportion,2009,real,100,52.8,31.2,1.3,29.9,21.6,3.8,17.8,3,14.8,,,,47.2,36.6,32.4,4.2,10.6,41.7,58.3,5.1,47.7,36.6,10.6,28.4
proportion,2008,real,100,59.1,35.1,1.1,34,23.9,3.2,20.7,5.3,15.5,,,,40.9,30.4,26.6,3.8,10.5,34.7,65.3,4.3,54.8,30.4,10.5,31.2
proportion,2007,real,100,58.1,36,1.1,34.8,22.2,2.9,19.2,4.1,15.1,,,,41.9,31.4,27.8,3.6,10.4,35.5,64.5,4.1,54,31.4,10.4,29.7
proportion,2006,real,100,59.6,37.7,1.2,36.5,21.9,2.8,19.1,4.6,14.5,,,,40.4,30.7,27.2,3.5,9.7,34.7,65.3,4,55.6,30.7,9.7,28.8
proportion,2005,real,100,57.6,36.8,1.1,35.7,20.8,2.9,17.9,3.9,14,,,,42.4,32.8,29.3,3.6,9.6,36.8,63.2,4,53.6,32.8,9.6,27.5
proportion,2004,real,100,56.2,36,1.3,34.8,20.2,3.2,16.9,3.2,13.7,,,,43.8,34.9,31,3.9,8.9,39.4,60.6,4.5,51.7,34.9,8.9,25.8
proportion,2003,real,100,53.4,34.9,1.5,33.3,18.5,4.3,14.2,2.3,11.9,,,,46.6,37.8,33.6,4.3,8.8,43.7,56.3,5.9,47.5,37.8,8.8,23
proportion,2002,real,100,51.4,33.1,1.6,31.6,18.2,4.6,13.6,2,11.6,,,,48.6,39.4,35.1,4.4,9.2,45.6,54.4,6.2,45.2,39.4,9.2,22.8
proportion,2001,real,100,50.3,31.8,1.5,30.3,18.4,4.4,14.1,2.4,11.7,,,,49.7,40.1,35.6,4.5,9.6,46,54,5.9,44.4,40.1,9.6,23.7
proportion,2000,real,100,50.8,32.1,1.5,30.6,18.7,4.6,14.1,2.6,11.5,,,,49.2,39.2,34.5,4.8,10,45.3,54.7,6,44.7,39.2,10,24.1
proportion,1999,real,100,50.6,31.8,1.6,30.3,18.8,5.1,13.7,1.9,11.8,,,,49.4,40,35.5,4.5,9.4,46.6,53.4,6.6,44,40,9.4,23.1
proportion,1998,real,100,48.9,29.4,1.7,27.7,19.5,5.1,14.4,2.5,11.9,,,,51.1,40.8,36.3,4.5,10.4,47.6,52.4,6.8,42,40.8,10.4,24.7
proportion,1997,real,100,53,31.7,1.8,29.9,21.3,5.4,15.9,3.5,12.5,,,,47,36.6,32.2,4.4,10.3,43.8,56.2,7.2,45.8,36.6,10.3,26.3
proportion,1996,real,100,55.3,35.6,1.8,33.7,19.7,5.1,14.7,2.9,11.7,,,,44.7,34.9,30.5,4.3,9.9,41.8,58.2,6.9,48.4,34.9,9.9,24.5
proportion,1995,real,100,51.9,32.6,1.8,30.8,19.3,5.3,13.9,2.7,11.3,,,,48.1,37.4,32.8,4.5,10.8,44.5,55.5,7.2,44.7,37.4,10.8,24.7
proportion,1994,real,100,55.8,34.8,2.3,32.6,21,6,15,2.9,12.1,,,,44.2,34,29.9,4.1,10.2,42.2,57.8,8.2,47.6,34,10.2,25.2
proportion,1993,real,100,55.5,31.4,1.9,29.5,24.1,6.3,17.7,3.2,14.5,,,,44.5,33.7,29.5,4.2,10.9,41.9,58.1,8.2,47.3,33.7,10.9,28.6
proportion,1992,real,100,58.4,28.6,1.6,27,29.9,6,23.9,4.7,19.1,,,,41.6,30.9,26.9,4,10.6,38.5,61.5,7.6,50.9,30.9,10.6,34.5
proportion,1991,real,100,61.5,29.5,1.4,28.1,32.1,5.4,26.6,6.5,20.1,,,,38.5,27.9,24.3,3.6,10.5,34.8,65.2,6.8,54.7,27.9,10.5,37.2
proportion,1990,real,100,64.1,32.8,1.2,31.6,31.3,4.4,26.9,6.8,20.1,,,,35.9,26,22.8,3.2,9.9,31.6,68.4,5.6,58.5,26,9.9,36.8
proportion,1989,real,100,63.5,33.4,1.3,32.2,30,4.5,25.6,6.9,18.6,,,,36.5,27.5,24.1,3.3,9.1,33.2,66.8,5.8,57.7,27.5,9.1,34.6
proportion,1988,real,100,62.7,34.4,1.2,33.2,28.4,4.8,23.5,5.4,18.1,,,,37.3,29,25.7,3.3,8.3,35.1,64.9,6.1,56.7,29,8.3,31.8
proportion,1987,real,100,61.1,35.2,1.4,33.8,25.9,5.1,20.9,3.9,17,,,,38.9,30.3,26.7,3.6,8.6,36.7,63.3,6.4,54.7,30.3,8.6,29.5
proportion,1986,real,100,59.1,31.7,1.5,30.2,27.4,5.6,21.8,4.3,17.5,,,,40.9,31.7,26.7,4.9,9.2,38.8,61.2,7.1,52,31.7,9.2,31
proportion,1985,real,100,58.9,31.2,1.7,29.5,27.7,5.7,22,5.5,16.5,,,,41.1,31.3,26.4,5,9.7,38.7,61.3,7.4,51.5,31.3,9.7,31.7
proportion,1984,real,100,59.1,31.1,1.8,29.3,28.1,6.4,21.6,5.7,16,,,,40.9,31.9,25.7,6.2,9,40.1,59.9,8.2,50.9,31.9,9,30.6
proportion,1983,real,100,57.7,31.1,1.9,29.1,26.6,6.9,19.7,4.2,15.5,,,,42.3,33,26.3,6.7,9.3,41.8,58.2,8.8,48.9,33,9.3,29
proportion,1982,real,100,57.1,32.1,1.7,30.4,25,7.4,17.6,4,13.6,,,,42.9,31.4,24.8,6.6,11.5,40.5,59.5,9.1,48,31.4,11.5,29.1
proportion,1981,real,100,57.7,31.3,1.8,29.5,26.4,8,18.4,4.4,14,,,,42.3,30.6,23.8,6.8,11.6,40.4,59.6,9.8,47.9,30.6,11.6,30.1
proportion,1980,real,100,59.1,32.4,1.8,30.6,26.7,7.9,18.8,4.4,14.4,,,,40.9,29.9,22.8,7.1,11,39.7,60.3,9.7,49.3,29.9,11,29.8
proportion,1979,real,100,60.5,34.4,1.9,32.5,26.2,7.7,18.4,3.9,14.6,,,,39.5,29.6,22.2,7.4,9.9,39.2,60.8,9.6,50.9,29.6,9.9,28.3
proportion,1978,real,100,59,34.9,2.4,32.4,24.1,7.8,16.4,2.9,13.4,,,,41,31,22.7,8.3,10,41.2,58.8,10.2,48.8,31,10,26.4
proportion,1977,real,100,59.6,36.1,2.3,33.8,23.5,6.9,16.6,3.1,13.5,,,,40.4,29.6,21.3,8.3,10.8,38.8,61.2,9.2,50.4,29.6,10.8,27.4
proportion,1976,real,100,63.1,38.5,2.3,36.2,24.5,6.1,18.5,4,14.5,,,,36.9,27.3,19.2,8.2,9.6,35.7,64.3,8.4,54.7,27.3,9.6,28.1
proportion,1975,real,100,62.5,37.8,2.7,35.1,24.7,7.1,17.6,4,13.7,,,,37.5,27.8,18.9,8.9,9.8,37.5,62.5,9.8,52.7,27.8,9.8,27.4
proportion,1974,real,100,62.5,35.4,2.6,32.7,27.2,6.9,20.3,6,14.3,,,,37.5,26,17.4,8.6,11.5,35.6,64.4,9.5,53,26,11.5,31.7
proportion,1973,real,100,66.5,36.1,1.8,34.4,30.4,5.3,25.1,7.6,17.5,,,,33.5,23.2,15.9,7.3,10.3,30.3,69.7,7,59.4,23.2,10.3,35.4
proportion,1972,real,100,62.7,34.9,2.2,32.7,27.8,5.1,22.7,5.7,17,,,,37.3,28.2,19.9,8.3,9,35.5,64.5,7.3,55.5,28.2,9,31.7
proportion,1971,real,100,62.9,34.1,2.7,31.4,28.7,5.9,22.8,5.8,17,,,,37.1,28.6,20.2,8.4,8.5,37.2,62.8,8.6,54.2,28.6,8.5,31.4
proportion,1970,real,100,66.4,35.7,2.6,33.1,30.7,6.1,24.6,8.6,16,,,,33.6,25.1,17.1,7.9,8.5,33.8,66.2,8.7,57.7,25.1,8.5,33.1
proportion,1969,real,100,65.5,35.7,2.3,33.5,29.8,5.3,24.4,8.3,16.1,,,,34.5,24.9,16.8,8.1,9.6,32.5,67.5,7.6,57.9,24.9,9.6,34.1
proportion,1968,real,100,64.5,35.3,2.3,33,29.2,5.5,23.7,7.9,15.9,,,,35.5,26.8,18,8.8,8.7,34.5,65.5,7.7,56.7,26.8,8.7,32.4
proportion,1967,real,100,64.1,35.2,2.1,33.1,28.9,5.2,23.7,7.6,16.1,,,,35.9,27.8,18.9,8.9,8.1,35.1,64.9,7.3,56.7,27.8,8.1,31.8
proportion,1966,real,100,61.2,34.8,2.5,32.3,26.4,6.1,20.4,5.4,14.9,,,,38.8,30.1,20.8,9.3,8.7,38.6,61.4,8.5,52.7,30.1,8.7,29
proportion,1965,real,100,62.5,34,2.4,31.5,28.5,6.6,21.9,6,16,,,,37.5,29.4,19.6,9.8,8.1,38.4,61.6,9,53.5,29.4,8.1,30
proportion,1964,real,100,64.8,30.6,2,28.7,34.2,5.9,28.3,9.1,19.2,,,,35.2,27.5,19.1,8.4,7.6,35.4,64.6,7.8,57,27.5,7.6,36
proportion,1963,real,100,59.7,29.9,2,27.9,29.8,5.4,24.4,8.1,16.3,,,,40.3,31.1,20.7,10.4,9.2,38.5,61.5,7.4,52.3,31.1,9.2,33.6
proportion,1962,real,100,59.4,27.5,2.4,25.1,31.8,6.9,25,10.2,14.7,,,,40.6,30.6,20.9,9.7,10.1,39.9,60.1,9.3,50.1,30.6,10.1,35
proportion,1961,real,100,61,26.5,2,24.5,34.5,5.4,29.1,13.5,15.6,,,,39,27.1,19.1,8,11.9,34.5,65.5,7.4,53.6,27.1,11.9,40.9
proportion,1960,real,100,61.4,28.2,1.9,26.2,33.3,6.2,27.1,12.3,14.8,,,,38.6,26.6,19.2,7.3,12,34.7,65.3,8.2,53.3,26.6,12,39.1
Construction investment amount,2022,nominal,592570,383253,141855,2985,138870,139965,34192,105773,,,101433,16652,84781,209317,146229,128217,18012,63088,200058,392512,53829,329424,146229,63088,168861
Construction investment amount,2021,nominal,589071,375938,143248,3161,140087,131616,35524,96092,,,101074,17278,83796,213133,151731,133097,18634,61402,207694,381377,55963,319975,151731,61402,157494
Construction investment amount,2020,nominal,605470,376278,146114,3896,142218,134164,37211,96953,,,96000,17860,78140,229192,166449,143094,23355,62743,225416,380054,58967,317311,166449,62743,159696
Construction investment amount,2019,nominal,576790,372698,155775,4035,151740,143475,36083,107392,23076,84316,73448,13082,60366,204092,153944,130468,23476,50148,207144,369646,53200,319498,153944,50148,157540
Construction investment amount,2018,nominal,585727,384355,164178,4933,159245,145552,36652,108900,24204,84696,74625,12439,62186,201372,149719,127563,22156,51653,203743,381984,54024,330331,149719,51653,160553
Construction investment amount,2017,nominal,599762,399948,172004,6067,165937,153333,41381,111952,22265,89687,74611,12937,61674,199814,152219,129721,22498,47595,212604,387158,60385,339563,152219,47595,159547
Construction investment amount,2016,nominal,585902,382078,171709,7575,164134,136813,34691,102122,19697,82425,73556,13420,60136,203824,153537,128472,25065,50287,209223,376679,55686,326392,153537,50287,152409
Construction investment amount,2015,nominal,566468,370916,164808,7898,156910,130824,34905,95919,19587,76332,75284,13284,62000,195552,145961,119549,26412,49591,202048,364420,56087,314829,145961,49591,145510
Construction investment amount,2014,nominal,476089,282466,155902,7438,148464,126564,34316,92248,15829,76419,,,,193623,145003,125042,19961,48620,186757,289332,41754,240712,145003,48620,140868
Construction investment amount,2013,nominal,500683,297620,177517,6704,170813,120103,27900,92203,14377,77826,,,,203063,156175,135011,21164,46888,190779,309904,34604,263016,156175,46888,139091
Construction investment amount,2012,nominal,451384,264975,161715,4765,156950,103260,24383,78877,13761,65116,,,,186409,141496,121798,19698,44913,170644,280740,29148,235827,141496,44913,123790
Construction investment amount,2011,nominal,444809,251045,152029,4588,147441,99016,20214,78802,12369,66434,,,,193764,148078,126171,21907,45686,172880,271929,24802,226243,148078,45686,124488
Construction investment amount,2010,nominal,448943,236580,143846,5489,138357,92734,18256,74478,11499,62980,,,,212363,169161,139847,29314,43202,192906,256037,23745,212835,169161,43202,117680
Construction investment amount,2009,nominal,460709,242656,142567,5967,136600,100089,17781,82308,13869,68440,,,,218053,169426,150100,19326,48627,193174,267535,23748,218908,169426,48627,130935
Construction investment amount,2008,nominal,497096,292759,173862,5445,168417,118897,15813,103084,26206,76877,,,,204337,152458,133725,18733,51879,173716,323380,21258,271501,152458,51879,154963
Construction investment amount,2007,nominal,508649,293684,180875,5747,175128,112809,14980,97829,20999,76830,,,,214965,162087,143658,18429,52878,182814,325835,20727,272957,162087,52878,150707
Construction investment amount,2006,nominal,561079,331991,208925,6442,202483,123066,15848,107218,25766,81452,,,,229088,174523,155084,19439,54565,196813,364266,22290,309701,174523,54565,161783
Construction investment amount,2005,nominal,575087,328948,208873,5946,202927,120075,16883,103192,22268,80924,,,,246139,190844,170263,20581,55295,213673,361414,22829,306119,190844,55295,158487
Construction investment amount,2004,nominal,596338,331575,211346,7408,203938,120229,19369,100860,18897,81963,,,,264763,211216,187562,23654,53547,237993,358345,26777,304798,211216,53547,154407
Construction investment amount,2003,nominal,613278,323332,209928,9246,200682,113404,26544,86860,13845,73015,,,,289946,235077,208510,26567,54869,270867,342411,35790,287542,235077,54869,141729
Construction investment amount,2002,nominal,653886,331091,212415,10040,202375,118676,30009,88667,12893,75773,,,,322795,261393,232325,29068,61402,301442,352444,40049,291042,261393,61402,150069
Construction investment amount,2001,nominal,698265,346167,217908,10597,207311,128259,30344,97915,16547,81368,,,,352098,283461,251220,32241,68637,324402,373863,40941,305226,283461,68637,166552
Construction investment amount,2000,nominal,741198,371686,233301,10737,222564,138385,33878,104507,19442,85065,,,,369512,293985,258089,35896,75527,338600,402598,44615,327071,293985,75527,180034
Construction investment amount,1999,nominal,768968,383750,239602,11868,227734,144148,38929,105219,14567,90651,,,,385218,311258,276102,35156,73960,362055,406913,50797,332953,311258,73960,179179
Construction investment amount,1998,nominal,794871,383312,228998,13490,215508,154314,40435,113879,19640,94239,,,,411559,327755,291304,36451,83804,381680,413191,53925,329387,327755,83804,197683
Construction investment amount,1997,nominal,819912,429269,254462,14730,239732,174807,44197,130610,28370,102240,,,,390643,304489,267660,36829,86154,363416,456496,58927,370342,304489,86154,216764
Construction investment amount,1996,nominal,908858,495411,315713,16469,299244,179698,46122,133576,26765,106812,,,,413447,321973,281948,40025,91474,384564,524294,62591,432820,321973,91474,225050
Construction investment amount,1995,nominal,870323,445933,278113,15838,262275,167820,46436,121384,23226,98158,,,,424390,329359,289315,40044,95031,391633,478690,62274,383659,329359,95031,216415
Construction investment amount,1994,nominal,867793,477994,295373,19357,276016,182621,51934,130687,25331,105356,,,,389799,299647,263082,36565,90152,370938,496855,71291,406703,299647,90152,220839
Construction investment amount,1993,nominal,903350,494039,276796,16558,260238,217243,57180,160063,29224,130839,,,,409311,309252,270430,38822,100059,382990,520360,73738,420301,309252,100059,260122
Construction investment amount,1992,nominal,933209,540859,263261,14769,248492,277598,55569,222029,44127,177901,,,,392350,292296,254706,37590,100054,362634,570575,70338,470521,292296,100054,322083
Construction investment amount,1991,nominal,927705,566760,270095,12828,257267,296665,50331,246334,60273,186062,,,,360945,262752,229309,33443,98193,325911,601794,63159,503601,262752,98193,344527
Construction investment amount,1990,nominal,939187,597567,304509,11551,292958,293058,41228,251830,63297,188533,,,,341620,248110,218263,29847,93510,300889,638298,52779,544788,248110,93510,345340
Construction investment amount,1989,nominal,872323,548894,287723,10989,276734,261171,38914,222257,60227,162030,,,,323429,244063,214814,29249,79366,293966,578357,49903,498991,244063,79366,301623
Construction investment amount,1988,nominal,838276,521919,285704,10103,275601,236215,40300,195915,45338,150578,,,,316357,246977,219015,27962,69380,297380,540896,50403,471516,246977,69380,265295
Construction investment amount,1987,nominal,787984,477050,273331,10751,262580,203719,39839,163880,30313,133567,,,,310934,242743,214569,28174,68191,293333,494651,50590,426460,242743,68191,232071
Construction investment amount,1986,nominal,697984,409860,220085,10602,209483,189775,38664,151111,29860,121251,,,,288124,224419,190166,34253,63705,273685,424299,49266,360594,224419,63705,214816
Construction investment amount,1985,nominal,647583,378858,201023,10808,190215,177835,36620,141215,35545,105670,,,,268725,206361,174534,31827,62364,253789,393794,47428,331430,206361,62364,203579
Construction investment amount,1984,nominal,626222,369482,194752,11028,183724,174730,40058,134672,35265,99406,,,,256740,201346,163322,38024,55394,252432,373790,51086,318396,201346,55394,190066
Construction investment amount,1983,nominal,626467,361637,194953,11940,183013,166684,43264,123420,26226,97194,,,,264830,207412,165995,41417,57418,262616,363851,55204,306433,207412,57418,180838
Construction investment amount,1982,nominal,658517,377586,212042,11464,200578,165544,49021,116523,26219,90305,,,,280931,206134,163646,42488,74797,266619,391898,60485,317101,206134,74797,191320
Construction investment amount,1981,nominal,663180,385554,208561,11881,196680,176993,53476,123517,29788,93729,,,,277626,201561,157037,44524,76065,266918,396262,65357,320197,201561,76065,199582
Construction investment amount,1980,nominal,657213,388558,210874,11765,199109,177684,52762,124922,29125,95797,,,,268655,197330,151237,46093,71325,261857,395356,64527,324031,197330,71325,196247
Construction investment amount,1979,nominal,693904,416425,232917,12925,219992,183508,54278,129230,27038,102192,,,,277479,209681,158677,51004,67798,276884,417020,67203,349222,209681,67798,197028
Construction investment amount,1978,nominal,684112,401567,237492,16616,220876,164075,52760,111315,19955,91360,,,,282545,215481,160064,55417,67064,284857,399255,69376,332191,215481,67064,178379
Construction investment amount,1977,nominal,657255,387688,232981,14635,218346,154707,45376,109331,20392,88939,,,,269567,200228,146770,53458,69339,260239,397016,60011,327677,200228,69339,178670
Construction investment amount,1976,nominal,602075,373563,226558,13811,212747,147005,36315,110690,23825,86865,,,,228512,171851,123632,48219,56661,221977,380098,50126,323437,171851,56661,167351
Construction investment amount,1975,nominal,601462,372347,224523,15871,208652,147824,42427,105397,23679,81718,,,,229115,172130,120385,51745,56985,230428,371034,58298,314049,172130,56985,162382
Construction investment amount,1974,nominal,563306,348945,196863,14755,182108,152082,38526,113556,33695,79861,,,,214361,151766,104883,46883,62595,205047,358259,53281,295664,151766,62595,176151
Construction investment amount,1973,nominal,652711,421845,224083,11359,212724,197762,34414,163348,49239,114109,,,,230866,164040,116499,47541,66826,209813,442898,45773,376072,164040,66826,230174
Construction investment amount,1972,nominal,621838,374814,204319,13354,190965,170495,31209,139286,34834,104451,,,,247024,190185,137810,52375,56839,234748,387090,44563,330251,190185,56839,196125
Construction investment amount,1971,nominal,524439,321215,175133,14111,161022,146082,29948,116134,29613,86521,,,,203224,159131,115821,43310,44093,203190,321249,44059,277156,159131,44093,160227
Construction investment amount,1970,nominal,465316,301915,163325,11966,151359,138590,27519,111071,38796,72275,,,,163401,124637,88541,36096,38764,164122,301194,39485,262430,124637,38764,149835
Construction investment amount,1969,nominal,423448,270576,149498,9351,140147,121078,21653,99425,33929,65497,,,,152872,112932,79366,33566,39940,143936,279512,31004,239572,112932,39940,139365
Construction investment amount,1968,nominal,367471,229662,127014,8092,118922,102648,19307,83341,27638,55703,,,,137809,105715,73296,32419,32094,133114,234357,27399,202263,105715,32094,115435
Construction investment amount,1967,nominal,317065,196801,110094,6511,103583,86707,15629,71078,22869,48208,,,,120264,94436,66185,28251,25828,116576,200489,22140,174661,94436,25828,96906
Construction investment amount,1966,nominal,269539,159534,93397,6437,86960,66137,15170,50967,13572,37395,,,,110005,87446,63381,24065,22559,109053,160486,21607,137927,87446,22559,73526
Construction investment amount,1965,nominal,253173,152474,86474,5869,80605,66000,15226,50774,13802,36973,,,,100699,80691,56430,24261,20008,101786,151387,21095,131379,80691,20008,70782
Construction investment amount,1964,nominal,239258,148507,73897,4490,69407,74610,12829,61781,19884,41896,,,,90751,72463,52345,20118,18288,89782,149476,17319,131188,72463,18288,80069
Construction investment amount,1963,nominal,205627,116065,60916,3957,56959,55149,9947,45202,15000,30202,,,,89562,70451,48812,21639,19111,84355,121272,13904,102161,70451,19111,64313
Construction investment amount,1962,nominal,176832,98860,48764,4071,44693,50096,10792,39304,16117,23188,,,,77972,59862,42505,17357,18110,74725,102107,14863,83997,59862,18110,57414
Construction investment amount,1961,nominal,159102,90649,42390,2996,39394,48259,7619,40640,18854,21787,,,,68453,49102,36107,12995,19351,59717,99385,10615,80034,49102,19351,59991
Construction investment amount,1960,nominal,130658,75650,38707,2392,36315,36943,6885,30058,13655,16403,,,,55008,39357,29784,9573,15651,48634,82024,9277,66373,39357,15651,45709
year over year,2022,nominal,0.6,1.9,1,5.6,0.9,6.3,3.7,10.1,,,0.4,3.6,1.2,1.8,3.6,3.7,3.3,2.7,3.7,2.9,3.8,3,3.6,2.7,7.2
year over year,2021,nominal,2.7,0.1,2,18.9,1.5,1.9,4.5,0.9,,,5.3,3.3,7.2,7,8.8,7,20.2,2.1,7.9,0.3,5.1,0.8,8.8,2.1,1.4
year over year,2020,nominal,5,1,6.2,3.4,6.3,6.5,3.1,9.7,,,30.7,36.5,29.4,12.3,8.1,9.7,0.5,25.1,8.8,2.8,10.8,0.7,8.1,25.1,1.4
year over year,2019,nominal,1.5,3,5.1,18.2,4.7,1.4,1.6,1.4,4.7,0.4,1.6,5.2,2.9,1.4,2.8,2.3,6,2.9,1.7,3.2,1.5,3.3,2.8,2.9,1.9
year over year,2018,nominal,2.3,3.9,4.5,18.7,4,5.1,11.4,2.7,8.7,5.6,0,3.8,0.8,0.8,1.6,1.7,1.5,8.5,4.2,1.3,10.5,2.7,1.6,8.5,0.6
year over year,2017,nominal,2.4,4.7,0.2,19.9,1.1,12.1,19.3,9.6,13,8.8,1.4,3.6,2.6,2,0.9,1,10.2,5.4,1.6,2.8,8.4,4,0.9,5.4,4.7
year over year,2016,nominal,3.4,3,4.2,4.1,4.6,4.6,0.6,6.5,0.6,8,2.3,1,3,4.2,5.2,7.5,5.1,1.4,3.6,3.4,0.7,3.7,5.2,1.4,4.7
year over year,2015,nominal,19,31.3,5.7,6.2,5.7,3.4,1.7,4,23.7,0.1,,,,1,0.7,4.4,32.3,2,8.2,26,34.3,30.8,0.7,2,3.3
year over year,2014,nominal,4.9,5.1,12.2,10.9,13.1,5.4,23,0,10.1,1.8,,,,4.6,7.2,7.4,5.7,3.7,2.1,6.6,20.7,8.5,7.2,3.7,1.3
year over year,2013,nominal,10.9,12.3,9.8,40.7,8.8,16.3,14.4,16.9,4.5,19.5,,,,8.9,10.4,10.8,7.4,4.4,11.8,10.4,18.7,11.5,10.4,4.4,12.4
year over year,2012,nominal,1.5,5.5,6.4,3.9,6.4,4.3,20.6,0.1,11.3,2,,,,3.8,4.4,3.5,10.1,1.7,1.3,3.2,17.5,4.2,4.4,1.7,0.6
year over year,2011,nominal,0.9,6.1,5.7,16.4,6.6,6.8,10.7,5.8,7.6,5.5,,,,8.8,12.5,9.8,25.3,5.7,10.4,6.2,4.5,6.3,12.5,5.7,5.8
year over year,2010,nominal,2.6,2.5,0.9,8,1.3,7.3,2.7,9.5,17.1,8,,,,2.6,0.2,6.8,51.7,11.2,0.1,4.3,0,2.8,0.2,11.2,10.1
year over year,2009,nominal,7.3,17.1,18,9.6,18.9,15.8,12.4,20.2,47.1,11,,,,6.7,11.1,12.2,3.2,6.3,11.2,17.3,11.7,19.4,11.1,6.3,15.5
year over year,2008,nominal,2.3,0.3,3.9,5.3,3.8,5.4,5.6,5.4,24.8,0.1,,,,4.9,5.9,6.9,1.6,1.9,5,0.8,2.6,0.5,5.9,1.9,2.8
year over year,2007,nominal,9.3,11.5,13.4,10.8,13.5,8.3,5.5,8.8,18.5,5.7,,,,6.2,7.1,7.4,5.2,3.1,7.1,10.6,7,11.9,7.1,3.1,6.8
year over year,2006,nominal,2.4,0.9,0,8.3,0.2,2.5,6.1,3.9,15.7,0.7,,,,6.9,8.6,8.9,5.5,1.3,7.9,0.8,2.4,1.2,8.6,1.3,2.1
year over year,2005,nominal,3.6,0.8,1.2,19.7,0.5,0.1,12.8,2.3,17.8,1.3,,,,7,9.6,9.2,13,3.3,10.2,0.9,14.7,0.4,9.6,3.3,2.6
year over year,2004,nominal,2.8,2.5,0.7,19.9,1.6,6,27,16.1,36.5,12.3,,,,8.7,10.2,10,11,2.4,12.1,4.7,25.2,6,10.2,2.4,8.9
year over year,2003,nominal,6.2,2.3,1.2,7.9,0.8,4.4,11.5,2,7.4,3.6,,,,10.2,10.1,10.3,8.6,10.6,10.1,2.8,10.6,1.2,10.1,10.6,5.6
year over year,2002,nominal,6.4,4.4,2.5,5.3,2.4,7.5,1.1,9.4,22.1,6.9,,,,8.3,7.8,7.5,9.8,10.5,7.1,5.7,2.2,4.6,7.8,10.5,9.9
year over year,2001,nominal,5.8,6.9,6.6,1.3,6.9,7.3,10.4,6.3,14.9,4.3,,,,4.7,3.6,2.7,10.2,9.1,4.2,7.1,8.2,6.7,3.6,9.1,7.5
year over year,2000,nominal,3.6,3.1,2.6,9.5,2.3,4,13,0.7,33.5,6.2,,,,4.1,5.5,6.5,2.1,2.1,6.5,1.1,12.2,1.8,5.5,2.1,0.5
year over year,1999,nominal,3.3,0.1,4.6,12,5.7,6.6,3.7,7.6,25.8,3.8,,,,6.4,5,5.2,3.6,11.7,5.1,1.5,5.8,1.1,5,11.7,9.4
year over year,1998,nominal,3.1,10.7,10,8.4,10.1,11.7,8.5,12.8,30.8,7.8,,,,5.4,7.6,8.8,1,2.7,5,9.5,8.5,11.1,7.6,2.7,8.8
year over year,1997,nominal,9.8,13.4,19.4,10.6,19.9,2.7,4.2,2.2,6,4.3,,,,5.5,5.4,5.1,8,5.8,5.5,12.9,5.9,14.4,5.4,5.8,3.7
year over year,1996,nominal,4.4,11.1,13.5,4,14.1,7.1,0.7,10,15.2,8.8,,,,2.6,2.2,2.5,0,3.7,1.8,9.5,0.5,12.8,2.2,3.7,4
year over year,1995,nominal,0.3,6.7,5.8,18.2,5,8.1,10.6,7.1,8.3,6.8,,,,8.9,9.9,10,9.5,5.4,5.6,3.7,12.6,5.7,9.9,5.4,2
year over year,1994,nominal,3.9,3.2,6.7,16.9,6.1,15.9,9.2,18.4,13.3,19.5,,,,4.8,3.1,2.7,5.8,9.9,3.1,4.5,3.3,3.2,3.1,9.9,15.1
year over year,1993,nominal,3.2,8.7,5.1,12.1,4.7,21.7,2.9,27.9,33.8,26.5,,,,4.3,5.8,6.2,3.3,0,5.6,8.8,4.8,10.7,5.8,0,19.2
year over year,1992,nominal,0.6,4.6,2.5,15.1,3.4,6.4,10.4,9.9,26.8,4.4,,,,8.7,11.2,11.1,12.4,1.9,11.3,5.2,11.4,6.6,11.2,1.9,6.5
year over year,1991,nominal,1.2,5.2,11.3,11.1,12.2,1.2,22.1,2.2,4.8,1.3,,,,5.7,5.9,5.1,12,5,8.3,5.7,19.7,7.6,5.9,5,0.2
year over year,1990,nominal,7.7,8.9,5.8,5.1,5.9,12.2,5.9,13.3,5.1,16.4,,,,5.6,1.7,1.6,2,17.8,2.4,10.4,5.8,9.2,1.7,17.8,14.5
year over year,1989,nominal,4.1,5.2,0.7,8.8,0.4,10.6,3.4,13.4,32.8,7.6,,,,2.2,1.2,1.9,4.6,14.4,1.1,6.9,1,5.8,1.2,14.4,13.7
year over year,1988,nominal,6.4,9.4,4.5,6,5,16,1.2,19.5,49.6,12.7,,,,1.7,1.7,2.1,0.8,1.7,1.4,9.3,0.4,10.6,1.7,1.7,14.3
year over year,1987,nominal,12.9,16.4,24.2,1.4,25.3,7.3,3,8.5,1.5,10.2,,,,7.9,8.2,12.8,17.7,7,7.2,16.6,2.7,18.3,8.2,7,8
year over year,1986,nominal,7.8,8.2,9.5,1.9,10.1,6.7,5.6,7,16,14.7,,,,7.2,8.8,9,7.6,2.2,7.8,7.7,3.9,8.8,8.8,2.2,5.5
year over year,1985,nominal,3.4,2.5,3.2,2,3.5,1.8,8.6,4.9,0.8,6.3,,,,4.7,2.5,6.9,16.3,12.6,0.5,5.4,7.2,4.1,2.5,12.6,7.1
year over year,1984,nominal,0,2.2,0.1,7.6,0.4,4.8,7.4,9.1,34.5,2.3,,,,3.1,2.9,1.6,8.2,3.5,3.9,2.7,7.5,3.9,2.9,3.5,5.1
year over year,1983,nominal,4.9,4.2,8.1,4.2,8.8,0.7,11.7,5.9,0,7.6,,,,5.7,0.6,1.4,2.5,23.2,1.5,7.2,8.7,3.4,0.6,23.2,5.5
year over year,1982,nominal,0.7,2.1,1.7,3.5,2,6.5,8.3,5.7,12,3.7,,,,1.2,2.3,4.2,4.6,1.7,0.1,1.1,7.5,1,2.3,1.7,4.1
year over year,1981,nominal,0.9,0.8,1.1,1,1.2,0.4,1.4,1.1,2.3,2.2,,,,3.3,2.1,3.8,3.4,6.6,1.9,0.2,1.3,1.2,2.1,6.6,1.7
year over year,1980,nominal,5.3,6.7,9.5,9,9.5,3.2,2.8,3.3,7.7,6.3,,,,3.2,5.9,4.7,9.6,5.2,5.4,5.2,4,7.2,5.9,5.2,0.4
year over year,1979,nominal,1.4,3.7,1.9,22.2,0.4,11.8,2.9,16.1,35.5,11.9,,,,1.8,2.7,0.9,8,1.1,2.8,4.4,3.1,5.1,2.7,1.1,10.5
year over year,1978,nominal,4.1,3.6,1.9,13.5,1.2,6.1,16.3,1.8,2.1,2.7,,,,4.8,7.6,9.1,3.7,3.3,9.5,0.6,15.6,1.4,7.6,3.3,0.2
year over year,1977,nominal,9.2,3.8,2.8,6,2.6,5.2,25,1.2,14.4,2.4,,,,18,16.5,18.7,10.9,22.4,17.2,4.5,19.7,1.3,16.5,22.4,6.8
year over year,1976,nominal,0.1,0.3,0.9,13,2,0.6,14.4,5,0.6,6.3,,,,0.3,0.2,2.7,6.8,0.6,3.7,2.4,14,3,0.2,0.6,3.1
year over year,1975,nominal,6.8,6.7,14.1,7.6,14.6,2.8,10.1,7.2,29.7,2.3,,,,6.9,13.4,14.8,10.4,9,12.4,3.6,9.4,6.2,13.4,9,7.8
year over year,1974,nominal,13.7,17.3,12.1,29.9,14.4,23.1,11.9,30.5,31.6,30,,,,7.1,7.5,10,1.4,6.3,2.3,19.1,16.4,21.4,7.5,6.3,23.5
year over year,1973,nominal,5,12.5,9.7,14.9,11.4,16,10.3,17.3,41.4,9.2,,,,6.5,13.7,15.5,9.2,17.6,10.6,14.4,2.7,13.9,13.7,17.6,17.4
year over year,1972,nominal,18.6,16.7,16.7,5.4,18.6,16.7,4.2,19.9,17.6,20.7,,,,21.6,19.5,19,20.9,28.9,15.5,20.5,1.1,19.2,19.5,28.9,22.4
year over year,1971,nominal,12.7,6.4,7.2,17.9,6.4,5.4,8.8,4.6,23.7,19.7,,,,24.4,27.7,30.8,20,13.7,23.8,6.7,11.6,5.6,27.7,13.7,6.9
year over year,1970,nominal,9.9,11.6,9.2,28,8,14.5,27.1,11.7,14.3,10.3,,,,6.9,10.4,11.6,7.5,2.9,14,7.8,27.4,9.5,10.4,2.9,7.5
year over year,1969,nominal,15.2,17.8,17.7,15.6,17.8,18,12.2,19.3,22.8,17.6,,,,10.9,6.8,8.3,3.5,24.4,8.1,19.3,13.2,18.4,6.8,24.4,20.7
year over year,1968,nominal,15.9,16.7,15.4,24.3,14.8,18.4,23.5,17.3,20.9,15.5,,,,14.6,11.9,10.7,14.8,24.3,14.2,16.9,23.8,15.8,11.9,24.3,19.1
year over year,1967,nominal,17.6,23.4,17.9,1.1,19.1,31.1,3,39.5,68.5,28.9,,,,9.3,8,4.4,17.4,14.5,6.9,24.9,2.5,26.6,8,14.5,31.8
year over year,1966,nominal,6.5,4.6,8,9.7,7.9,0.2,0.4,0.4,1.7,1.1,,,,9.2,8.4,12.3,0.8,12.7,7.1,6,2.4,5,8.4,12.7,3.9
year over year,1965,nominal,5.8,2.7,17,30.7,16.1,11.5,18.7,17.8,30.6,11.8,,,,11,11.4,7.8,20.6,9.4,13.4,1.3,21.8,0.1,11.4,9.4,11.6
year over year,1964,nominal,16.4,28,21.3,13.5,21.9,35.3,29,36.7,32.6,38.7,,,,1.3,2.9,7.2,7,4.3,6.4,23.3,24.6,28.4,2.9,4.3,24.5
year over year,1963,nominal,16.3,17.4,24.9,2.8,27.4,10.1,7.8,15,6.9,30.2,,,,14.9,17.7,14.8,24.7,5.5,12.9,18.8,6.5,21.6,17.7,5.5,12
year over year,1962,nominal,11.1,9.1,15,35.9,13.5,3.8,41.6,3.3,14.5,6.4,,,,13.9,21.9,17.7,33.6,6.4,25.1,2.7,40,5,21.9,6.4,4.3
year over year,1961,nominal,21.8,19.8,9.5,25.3,8.5,30.6,10.7,35.2,38.1,32.8,,,,24.4,24.8,21.2,35.7,23.6,22.8,21.2,14.4,20.6,24.8,23.6,31.2
year over year,1960,nominal,,,,,,,,,,,,,,,,,,,,,,,,,
proportion,2022,nominal,100,64.7,23.9,0.5,23.4,23.6,5.8,17.8,,,17.1,2.8,14.3,35.3,24.7,21.6,3,10.6,33.8,66.2,9.1,55.6,24.7,10.6,28.5
proportion,2021,nominal,100,63.8,24.3,0.5,23.8,22.3,6,16.3,,,17.2,2.9,14.2,36.2,25.8,22.6,3.2,10.4,35.3,64.7,9.5,54.3,25.8,10.4,26.7
proportion,2020,nominal,100,62.1,24.1,0.6,23.5,22.2,6.1,16,,,15.9,2.9,12.9,37.9,27.5,23.6,3.9,10.4,37.2,62.8,9.7,52.4,27.5,10.4,26.4
proportion,2019,nominal,100,64.6,27,0.7,26.3,24.9,6.3,18.6,4,14.6,12.7,2.3,10.5,35.4,26.7,22.6,4.1,8.7,35.9,64.1,9.2,55.4,26.7,8.7,27.3
proportion,2018,nominal,100,65.6,28,0.8,27.2,24.8,6.3,18.6,4.1,14.5,12.7,2.1,10.6,34.4,25.6,21.8,3.8,8.8,34.8,65.2,9.2,56.4,25.6,8.8,27.4
proportion,2017,nominal,100,66.7,28.7,1,27.7,25.6,6.9,18.7,3.7,15,12.4,2.2,10.3,33.3,25.4,21.6,3.8,7.9,35.4,64.6,10.1,56.6,25.4,7.9,26.6
proportion,2016,nominal,100,65.2,29.3,1.3,28,23.4,5.9,17.4,3.4,14.1,12.6,2.3,10.3,34.8,26.2,21.9,4.3,8.6,35.7,64.3,9.5,55.7,26.2,8.6,26
proportion,2015,nominal,100,65.5,29.1,1.4,27.7,23.1,6.2,16.9,3.5,13.5,13.3,2.3,10.9,34.5,25.8,21.1,4.7,8.8,35.7,64.3,9.9,55.6,25.8,8.8,25.7
proportion,2014,nominal,100,59.3,32.7,1.6,31.2,26.6,7.2,19.4,3.3,16.1,,,,40.7,30.5,26.3,4.2,10.2,39.2,60.8,8.8,50.6,30.5,10.2,29.6
proportion,2013,nominal,100,59.4,35.5,1.3,34.1,24,5.6,18.4,2.9,15.5,,,,40.6,31.2,27,4.2,9.4,38.1,61.9,6.9,52.5,31.2,9.4,27.8
proportion,2012,nominal,100,58.7,35.8,1.1,34.8,22.9,5.4,17.5,3,14.4,,,,41.3,31.3,27,4.4,10,37.8,62.2,6.5,52.2,31.3,10,27.4
proportion,2011,nominal,100,56.4,34.2,1,33.1,22.3,4.5,17.7,2.8,14.9,,,,43.6,33.3,28.4,4.9,10.3,38.9,61.1,5.6,50.9,33.3,10.3,28
proportion,2010,nominal,100,52.7,32,1.2,30.8,20.7,4.1,16.6,2.6,14,,,,47.3,37.7,31.2,6.5,9.6,43,57,5.3,47.4,37.7,9.6,26.2
proportion,2009,nominal,100,52.7,30.9,1.3,29.6,21.7,3.9,17.9,3,14.9,,,,47.3,36.8,32.6,4.2,10.6,41.9,58.1,5.2,47.5,36.8,10.6,28.4
proportion,2008,nominal,100,58.9,35,1.1,33.9,23.9,3.2,20.7,5.3,15.5,,,,41.1,30.7,26.9,3.8,10.4,34.9,65.1,4.3,54.6,30.7,10.4,31.2
proportion,2007,nominal,100,57.7,35.6,1.1,34.4,22.2,2.9,19.2,4.1,15.1,,,,42.3,31.9,28.2,3.6,10.4,35.9,64.1,4.1,53.7,31.9,10.4,29.6
proportion,2006,nominal,100,59.2,37.2,1.1,36.1,21.9,2.8,19.1,4.6,14.5,,,,40.8,31.1,27.6,3.5,9.7,35.1,64.9,4,55.2,31.1,9.7,28.8
proportion,2005,nominal,100,57.2,36.3,1,35.3,20.9,2.9,17.9,3.9,14.1,,,,42.8,33.2,29.6,3.6,9.6,37.2,62.8,4,53.2,33.2,9.6,27.6
proportion,2004,nominal,100,55.6,35.4,1.2,34.2,20.2,3.2,16.9,3.2,13.7,,,,44.4,35.4,31.5,4,9,39.9,60.1,4.5,51.1,35.4,9,25.9
proportion,2003,nominal,100,52.7,34.2,1.5,32.7,18.5,4.3,14.2,2.3,11.9,,,,47.3,38.3,34,4.3,8.9,44.2,55.8,5.8,46.9,38.3,8.9,23.1
proportion,2002,nominal,100,50.6,32.5,1.5,30.9,18.1,4.6,13.6,2,11.6,,,,49.4,40,35.5,4.4,9.4,46.1,53.9,6.1,44.5,40,9.4,23
proportion,2001,nominal,100,49.6,31.2,1.5,29.7,18.4,4.3,14,2.4,11.7,,,,50.4,40.6,36,4.6,9.8,46.5,53.5,5.9,43.7,40.6,9.8,23.9
proportion,2000,nominal,100,50.1,31.5,1.4,30,18.7,4.6,14.1,2.6,11.5,,,,49.9,39.7,34.8,4.8,10.2,45.7,54.3,6,44.1,39.7,10.2,24.3
proportion,1999,nominal,100,49.9,31.2,1.5,29.6,18.7,5.1,13.7,1.9,11.8,,,,50.1,40.5,35.9,4.6,9.6,47.1,52.9,6.6,43.3,40.5,9.6,23.3
proportion,1998,nominal,100,48.2,28.8,1.7,27.1,19.4,5.1,14.3,2.5,11.9,,,,51.8,41.2,36.6,4.6,10.5,48,52,6.8,41.4,41.2,10.5,24.9
proportion,1997,nominal,100,52.4,31,1.8,29.2,21.3,5.4,15.9,3.5,12.5,,,,47.6,37.1,32.6,4.5,10.5,44.3,55.7,7.2,45.2,37.1,10.5,26.4
proportion,1996,nominal,100,54.5,34.7,1.8,32.9,19.8,5.1,14.7,2.9,11.8,,,,45.5,35.4,31,4.4,10.1,42.3,57.7,6.9,47.6,35.4,10.1,24.8
proportion,1995,nominal,100,51.2,32,1.8,30.1,19.3,5.3,13.9,2.7,11.3,,,,48.8,37.8,33.2,4.6,10.9,45,55,7.2,44.1,37.8,10.9,24.9
proportion,1994,nominal,100,55.1,34,2.2,31.8,21,6,15.1,2.9,12.1,,,,44.9,34.5,30.3,4.2,10.4,42.7,57.3,8.2,46.9,34.5,10.4,25.4
proportion,1993,nominal,100,54.7,30.6,1.8,28.8,24,6.3,17.7,3.2,14.5,,,,45.3,34.2,29.9,4.3,11.1,42.4,57.6,8.2,46.5,34.2,11.1,28.8
proportion,1992,nominal,100,58,28.2,1.6,26.6,29.7,6,23.8,4.7,19.1,,,,42,31.3,27.3,4,10.7,38.9,61.1,7.5,50.4,31.3,10.7,34.5
proportion,1991,nominal,100,61.1,29.1,1.4,27.7,32,5.4,26.6,6.5,20.1,,,,38.9,28.3,24.7,3.6,10.6,35.1,64.9,6.8,54.3,28.3,10.6,37.1
proportion,1990,nominal,100,63.6,32.4,1.2,31.2,31.2,4.4,26.8,6.7,20.1,,,,36.4,26.4,23.2,3.2,10,32,68,5.6,58,26.4,10,36.8
proportion,1989,nominal,100,62.9,33,1.3,31.7,29.9,4.5,25.5,6.9,18.6,,,,37.1,28,24.6,3.4,9.1,33.7,66.3,5.7,57.2,28,9.1,34.6
proportion,1988,nominal,100,62.3,34.1,1.2,32.9,28.2,4.8,23.4,5.4,18,,,,37.7,29.5,26.1,3.3,8.3,35.5,64.5,6,56.2,29.5,8.3,31.6
proportion,1987,nominal,100,60.5,34.7,1.4,33.3,25.9,5.1,20.8,3.8,17,,,,39.5,30.8,27.2,3.6,8.7,37.2,62.8,6.4,54.1,30.8,8.7,29.5
proportion,1986,nominal,100,58.7,31.5,1.5,30,27.2,5.5,21.6,4.3,17.4,,,,41.3,32.2,27.2,4.9,9.1,39.2,60.8,7.1,51.7,32.2,9.1,30.8
proportion,1985,nominal,100,58.5,31,1.7,29.4,27.5,5.7,21.8,5.5,16.3,,,,41.5,31.9,27,4.9,9.6,39.2,60.8,7.3,51.2,31.9,9.6,31.4
proportion,1984,nominal,100,59,31.1,1.8,29.3,27.9,6.4,21.5,5.6,15.9,,,,41,32.2,26.1,6.1,8.8,40.3,59.7,8.2,50.8,32.2,8.8,30.4
proportion,1983,nominal,100,57.7,31.1,1.9,29.2,26.6,6.9,19.7,4.2,15.5,,,,42.3,33.1,26.5,6.6,9.2,41.9,58.1,8.8,48.9,33.1,9.2,28.9
proportion,1982,nominal,100,57.3,32.2,1.7,30.5,25.1,7.4,17.7,4,13.7,,,,42.7,31.3,24.9,6.5,11.4,40.5,59.5,9.2,48.2,31.3,11.4,29.1
proportion,1981,nominal,100,58.1,31.4,1.8,29.7,26.7,8.1,18.6,4.5,14.1,,,,41.9,30.4,23.7,6.7,11.5,40.2,59.8,9.9,48.3,30.4,11.5,30.1
proportion,1980,nominal,100,59.1,32.1,1.8,30.3,27,8,19,4.4,14.6,,,,40.9,30,23,7,10.9,39.8,60.2,9.8,49.3,30,10.9,29.9
proportion,1979,nominal,100,60,33.6,1.9,31.7,26.4,7.8,18.6,3.9,14.7,,,,40,30.2,22.9,7.4,9.8,39.9,60.1,9.7,50.3,30.2,9.8,28.4
proportion,1978,nominal,100,58.7,34.7,2.4,32.3,24,7.7,16.3,2.9,13.4,,,,41.3,31.5,23.4,8.1,9.8,41.6,58.4,10.1,48.6,31.5,9.8,26.1
proportion,1977,nominal,100,59,35.4,2.2,33.2,23.5,6.9,16.6,3.1,13.5,,,,41,30.5,22.3,8.1,10.5,39.6,60.4,9.1,49.9,30.5,10.5,27.2
proportion,1976,nominal,100,62,37.6,2.3,35.3,24.4,6,18.4,4,14.4,,,,38,28.5,20.5,8,9.4,36.9,63.1,8.3,53.7,28.5,9.4,27.8
proportion,1975,nominal,100,61.9,37.3,2.6,34.7,24.6,7.1,17.5,3.9,13.6,,,,38.1,28.6,20,8.6,9.5,38.3,61.7,9.7,52.2,28.6,9.5,27
proportion,1974,nominal,100,61.9,34.9,2.6,32.3,27,6.8,20.2,6,14.2,,,,38.1,26.9,18.6,8.3,11.1,36.4,63.6,9.5,52.5,26.9,11.1,31.3
proportion,1973,nominal,100,64.6,34.3,1.7,32.6,30.3,5.3,25,7.5,17.5,,,,35.4,25.1,17.8,7.3,10.2,32.1,67.9,7,57.6,25.1,10.2,35.3
proportion,1972,nominal,100,60.3,32.9,2.1,30.7,27.4,5,22.4,5.6,16.8,,,,39.7,30.6,22.2,8.4,9.1,37.8,62.2,7.2,53.1,30.6,9.1,31.5
proportion,1971,nominal,100,61.2,33.4,2.7,30.7,27.9,5.7,22.1,5.6,16.5,,,,38.8,30.3,22.1,8.3,8.4,38.7,61.3,8.4,52.8,30.3,8.4,30.6
proportion,1970,nominal,100,64.9,35.1,2.6,32.5,29.8,5.9,23.9,8.3,15.5,,,,35.1,26.8,19,7.8,8.3,35.3,64.7,8.5,56.4,26.8,8.3,32.2
proportion,1969,nominal,100,63.9,35.3,2.2,33.1,28.6,5.1,23.5,8,15.5,,,,36.1,26.7,18.7,7.9,9.4,34,66,7.3,56.6,26.7,9.4,32.9
proportion,1968,nominal,100,62.5,34.6,2.2,32.4,27.9,5.3,22.7,7.5,15.2,,,,37.5,28.8,19.9,8.8,8.7,36.2,63.8,7.5,55,28.8,8.7,31.4
proportion,1967,nominal,100,62.1,34.7,2.1,32.7,27.3,4.9,22.4,7.2,15.2,,,,37.9,29.8,20.9,8.9,8.1,36.8,63.2,7,55.1,29.8,8.1,30.6
proportion,1966,nominal,100,59.2,34.7,2.4,32.3,24.5,5.6,18.9,5,13.9,,,,40.8,32.4,23.5,8.9,8.4,40.5,59.5,8,51.2,32.4,8.4,27.3
proportion,1965,nominal,100,60.2,34.2,2.3,31.8,26.1,6,20.1,5.5,14.6,,,,39.8,31.9,22.3,9.6,7.9,40.2,59.8,8.3,51.9,31.9,7.9,28
proportion,1964,nominal,100,62.1,30.9,1.9,29,31.2,5.4,25.8,8.3,17.5,,,,37.9,30.3,21.9,8.4,7.6,37.5,62.5,7.2,54.8,30.3,7.6,33.5
proportion,1963,nominal,100,56.4,29.6,1.9,27.7,26.8,4.8,22,7.3,14.7,,,,43.6,34.3,23.7,10.5,9.3,41,59,6.8,49.7,34.3,9.3,31.3
proportion,1962,nominal,100,55.9,27.6,2.3,25.3,28.3,6.1,22.2,9.1,13.1,,,,44.1,33.9,24,9.8,10.2,42.3,57.7,8.4,47.5,33.9,10.2,32.5
proportion,1961,nominal,100,57,26.6,1.9,24.8,30.3,4.8,25.5,11.9,13.7,,,,43,30.9,22.7,8.2,12.2,37.5,62.5,6.7,50.3,30.9,12.2,37.7
proportion,1960,nominal,100,57.9,29.6,1.8,27.8,28.3,5.3,23,10.5,12.6,,,,42.1,30.1,22.8,7.3,12,37.2,62.8,7.1,50.8,30.1,12,35
